"","country","mask_percent","date","fear_percent","continent","new_deaths","new_deaths_smoothed_per_million","new_deaths_per_million","total_deaths_per_million"
"1","Australia",10,2020-03-15,35,"Oceania",0,0,0,0.116
"2","Australia",13,2020-03-22,47,"Oceania",0,0.022,0,0.271
"3","Australia",20,2020-03-29,60,"Oceania",2,0.05,0.078,0.62
"4","Australia",23,2020-04-05,53,"Oceania",5,0.105,0.194,1.357
"5","Australia",26,2020-04-12,55,"Oceania",3,0.138,0.116,2.327
"6","Australia",27,2020-04-19,49,"Oceania",0,0.039,0,2.598
"7","Australia",24,2020-04-26,48,"Oceania",3,0.089,0.116,3.219
"8","Australia",25,2020-05-03,44,"Oceania",1,0.066,0.039,3.684
"9","Australia",18,2020-05-22,41,"Oceania",0,0.017,0,3.917
"10","Australia",17,2020-06-05,37,"Oceania",0,-0.006,0,3.955
"11","Australia",21,2020-06-19,41,"Oceania",0,0,0,3.955
"12","Australia",20,2020-07-03,45,"Oceania",0,0,0,4.033
"13","Australia",41,2020-08-02,52,"Oceania",13,0.332,0.504,8.57
"14","Australia",70,2021-07-19,45,"Oceania",1,0.017,0.039,35.481
"15","Australia",72,2021-08-16,45,"Oceania",1,0.133,0.039,37.498
"16","Australia",69,2021-09-12,45,"Oceania",7,0.299,0.271,42.578
"17","Australia",68,2021-10-10,42,"Oceania",16,0.565,0.62,56.15
"18","Canada",6,2020-03-17,45,"North America",2,0.019,0.053,0.158
"19","Canada",9,2020-03-23,55,"North America",7,0.094,0.184,0.762
"20","Canada",16,2020-03-30,66,"North America",29,0.36,0.762,3.284
"21","Canada",18,2020-04-06,69,"North America",85,1.482,2.233,13.66
"22","Canada",16,2020-04-13,60,"North America",130,2.646,3.415,32.179
"23","Canada",31,2020-04-20,65,"North America",146,4,3.835,60.182
"24","Canada",41,2020-04-27,59,"North America",185,4.758,4.86,93.491
"25","Canada",49,2020-05-26,54,"North America",92,2.567,2.417,197.332
"26","Canada",58,2020-06-11,49,"North America",31,1.077,0.814,221
"27","Canada",60,2020-06-26,53,"North America",7,0.563,0.184,229.327
"28","Canada",60,2020-07-07,54,"North America",7,0.236,0.184,232.295
"29","Canada",74,2020-07-21,55,"North America",7,0.203,0.184,235.211
"30","Canada",79,2020-08-04,57,"North America",8,0.158,0.21,237.549
"31","Canada",80,2020-09-01,53,"North America",4,0.143,0.105,241.595
"32","Canada",84,2020-10-30,57,"North America",45,0.874,1.182,268.914
"33","Canada",86,2020-11-27,60,"North America",86,1.978,2.259,314.911
"34","Canada",84,2021-01-27,57,"North America",93,3.445,2.443,511.848
"35","Canada",85,2021-02-28,55,"North America",34,1.201,0.893,577.783
"36","China",85,2020-02-24,67,"Asia",150,0.072,0.104,1.795
"37","China",87,2020-03-02,68,"Asia",42,0.032,0.029,2.016
"38","China",86,2020-03-09,68,"Asia",23,0.021,0.016,2.16
"39","China",83,2020-03-16,66,"Asia",14,0.009,0.01,2.225
"40","China",86,2020-03-23,69,"Asia",0,0.006,0,2.264
"41","China",83,2020-03-30,67,"Asia",4,0.003,0.003,2.288
"42","China",85,2020-04-06,68,"Asia",2,0.003,0.001,2.306
"43","China",89,2020-04-13,68,"Asia",2,0.001,0.001,2.313
"44","China",82,2020-04-20,69,"Asia",0,0.128,0,3.207
"45","China",90,2020-04-27,67,"Asia",0,0,0,3.208
"46","China",88,2020-05-04,66,"Asia",0,0,0,3.208
"47","China",83,2020-05-26,62,"Asia",0,0,0,3.209
"48","China",83,2020-06-08,59,"Asia",0,0,0,3.209
"49","China",82,2020-06-22,61,"Asia",0,0,0,3.209
"50","China",82,2020-07-06,57,"Asia",0,0,0,3.209
"51","China",80,2020-07-20,56,"Asia",0,0,0,3.209
"52","China",81,2020-08-04,59,"Asia",0,0,0,3.209
"53","China",79,2020-08-17,56,"Asia",0,0,0,3.209
"54","China",81,2020-08-31,59,"Asia",0,0,0,3.209
"55","China",79,2020-09-14,56,"Asia",0,0,0,3.209
"56","China",81,2020-09-28,59,"Asia",0,0,0,3.209
"57","China",82,2020-10-12,53,"Asia",0,0,0,3.209
"58","Denmark",1,2020-03-16,40,"Europe",1,0.074,0.172,0.516
"59","Denmark",1,2020-03-23,40,"Europe",11,0.516,1.892,4.128
"60","Denmark",2,2020-03-29,42,"Europe",7,1.45,1.204,12.385
"61","Denmark",3,2020-04-05,53,"Europe",18,2.629,3.096,30.791
"62","Denmark",2,2020-04-12,44,"Europe",13,2.31,2.236,46.961
"63","Denmark",3,2020-04-19,47,"Europe",9,2.015,1.548,61.067
"64","Denmark",3,2020-04-26,40,"Europe",4,1.646,0.688,72.592
"65","Denmark",5,2020-05-03,37,"Europe",9,1.524,1.548,83.257
"66","Denmark",3,2020-05-25,34,"Europe",1,0.369,0.172,96.847
"67","Denmark",4,2020-06-18,34,"Europe",2,0.172,0.344,103.212
"68","Denmark",34,2020-09-13,44,"Europe",1,0.098,0.172,108.544
"69","Denmark",37,2020-09-23,46,"Europe",2,0.246,0.344,110.608
"70","Denmark",40,2020-10-12,46,"Europe",2,0.295,0.344,115.425
"71","Denmark",72,2020-11-05,47,"Europe",4,0.418,0.688,126.09
"72","Denmark",73,2020-11-18,45,"Europe",2,0.418,0.344,132.455
"73","Denmark",69,2020-12-02,46,"Europe",6,1.229,1.032,146.56
"74","Denmark",65,2021-01-13,52,"Europe",37,5.161,6.365,285.724
"75","Denmark",65,2021-02-14,45,"Europe",8,1.868,1.376,394.44
"76","Denmark",65,2021-02-28,46,"Europe",3,0.565,0.516,406.31
"77","Denmark",60,2021-03-12,47,"Europe",3,0.246,0.516,410.782
"78","Denmark",64,2021-03-29,45,"Europe",1,0.319,0.172,415.599
"79","Denmark",65,2021-04-12,47,"Europe",2,0.319,0.344,420.415
"80","Denmark",60,2021-05-10,42,"Europe",0,0.172,0,429.704
"81","Denmark",56,2021-06-07,38,"Europe",2,0.098,0.344,433.661
"82","Denmark",28,2021-07-05,27,"Europe",0,0.098,0,436.585
"83","Denmark",21,2021-08-13,24,"Europe",3,0.147,0.516,440.369
"84","Denmark",16,2021-08-28,27,"Europe",1,0.319,0.172,443.638
"85","Denmark",11,2021-09-12,29,"Europe",0,0.516,0,449.486
"86","Denmark",39,2021-09-22,24,"Europe",1,0.418,0.172,453.443
"87","Denmark",10,2021-10-10,24,"Europe",0,0.147,0,459.463
"88","Finland",1,2020-03-23,27,"Europe",0,0.026,0,0.18
"89","Finland",2,2020-03-29,39,"Europe",2,0.257,0.36,1.983
"90","Finland",5,2020-04-05,42,"Europe",3,0.438,0.541,5.047
"91","Finland",4,2020-04-12,38,"Europe",7,0.721,1.262,10.093
"92","Finland",3,2020-04-19,32,"Europe",4,0.978,0.721,16.942
"93","Finland",3,2020-04-26,24,"Europe",4,2.472,0.721,34.244
"94","Finland",7,2020-05-03,32,"Europe",10,1.03,1.802,41.454
"95","Finland",7,2020-06-20,22,"Europe",0,0.026,0,58.756
"96","Finland",21,2020-09-06,30,"Europe",0,0.026,0,60.558
"97","Finland",22,2020-09-20,28,"Europe",0,0.051,0,61.099
"98","Finland",46,2020-10-12,35,"Europe",0,0,0,62.361
"99","Finland",56,2020-11-03,29,"Europe",0,0.129,0,64.704
"100","Finland",56,2020-11-12,31,"Europe",0,0.103,0,65.785
"101","Finland",65,2020-11-27,48,"Europe",5,0.463,0.901,70.832
"102","Finland",75,2021-01-18,31,"Europe",0,0.541,0,111.384
"103","Finland",76,2021-01-31,34,"Europe",0,0.695,0,120.937
"104","Finland",75,2021-02-14,34,"Europe",0,0.566,0,127.966
"105","Finland",77,2021-02-26,32,"Europe",2,0.438,0.36,133.733
"106","Finland",75,2021-03-21,33,"Europe",0,0.489,0,145.088
"107","Finland",76,2021-04-11,29,"Europe",0,0.566,0,156.443
"108","Finland",73,2021-05-05,24,"Europe",2,0.18,0.36,165.454
"109","Finland",72,2021-06-03,21,"Europe",0,0.335,0,172.844
"110","Finland",71,2021-06-18,16,"Europe",0,0.077,0,174.286
"111","Finland",72,2021-07-02,18,"Europe",0,0.103,0,175.367
"112","Finland",66,2021-08-28,20,"Europe",3,0.232,0.541,184.199
"113","Finland",66,2021-09-06,16,"Europe",0,0.386,0,187.263
"114","Finland",67,2021-10-08,18,"Europe",4,0.463,0.721,197.536
"115","France",5,2020-03-10,30,"Europe",8,0.061,0.118,0.488
"116","France",6,2020-03-13,38,"Europe",31,0.148,0.459,1.169
"117","France",12,2020-03-20,61,"Europe",207,0.787,3.064,6.675
"118","France",22,2020-03-27,68,"Europe",299,3.267,4.425,29.542
"119","France",25,2020-04-03,67,"Europe",1122,9.544,16.606,96.353
"120","France",38,2020-04-10,67,"Europe",985,14.143,14.579,195.355
"121","France",43,2020-04-17,64,"Europe",761,11.555,11.263,276.241
"122","France",47,2020-04-24,59,"Europe",389,7.515,5.757,328.843
"123","France",56,2020-05-01,63,"Europe",217,4.965,3.212,363.595
"124","France",76,2020-05-20,56,"Europe",111,2.235,1.643,416.433
"125","France",79,2020-05-27,53,"Europe",1,0.979,0.015,423.286
"126","France",77,2020-06-04,51,"Europe",45,0.852,0.666,430.242
"127","France",75,2020-06-12,46,"Europe",28,0.556,0.414,434.801
"128","France",78,2020-06-17,51,"Europe",25,0.541,0.37,437.776
"129","France",78,2020-06-24,51,"Europe",13,0.332,0.192,440.1
"130","France",78,2020-07-01,48,"Europe",19,0.275,0.281,442.024
"131","France",79,2020-07-16,56,"Europe",17,0.336,0.252,446.123
"132","France",83,2020-07-22,56,"Europe",6,0.106,0.089,446.612
"133","France",85,2020-07-31,54,"Europe",11,0.152,0.163,447.988
"134","France",84,2020-08-07,51,"Europe",13,0.127,0.192,448.876
"135","France",81,2020-08-12,54,"Europe",19,0.137,0.281,449.587
"136","France",81,2020-09-02,50,"Europe",26,0.309,0.385,454.368
"137","France",80,2020-09-10,52,"Europe",19,0.228,0.281,456.218
"138","France",83,2020-09-22,49,"Europe",79,0.882,1.169,465.187
"139","France",77,2020-09-30,49,"Europe",80,1.061,1.184,473.298
"140","France",81,2020-10-15,52,"Europe",85,1.283,1.258,490.585
"141","France",84,2020-10-22,53,"Europe",154,2.3,2.279,506.688
"142","France",82,2020-10-28,56,"Europe",259,3.69,3.833,530.236
"143","France",83,2020-11-04,54,"Europe",-34,6.144,-0.503,573.247
"144","France",84,2020-11-18,52,"Europe",431,8.821,6.379,692.393
"145","France",82,2020-11-25,49,"Europe",388,8.307,5.743,750.545
"146","France",81,2020-12-02,49,"Europe",311,6.758,4.603,797.848
"147","France",81,2020-12-09,48,"Europe",297,6.007,4.396,839.897
"148","France",83,2020-12-16,51,"Europe",290,5.76,4.292,880.214
"149","France",79,2021-01-06,47,"Europe",282,4.633,4.174,987.179
"150","France",81,2021-01-20,51,"Europe",310,5.548,4.588,1062.559
"151","France",73,2021-01-27,49,"Europe",350,5.937,5.18,1104.119
"152","France",81,2021-02-03,51,"Europe",358,6.641,5.299,1150.608
"153","France",84,2021-02-12,49,"Europe",645,6.02,9.546,1207.665
"154","France",75,2021-02-16,46,"Europe",587,5.637,8.688,1227.868
"155","France",79,2021-02-23,48,"Europe",431,4.724,6.379,1260.933
"156","France",77,2021-03-10,46,"Europe",331,4.421,4.899,1328.883
"157","France",80,2021-03-17,46,"Europe",241,3.764,3.567,1355.229
"158","France",79,2021-03-24,47,"Europe",246,3.687,3.641,1381.041
"159","France",80,2021-03-31,48,"Europe",303,5.263,4.485,1417.88
"160","France",80,2021-04-08,45,"Europe",343,4.419,5.077,1453.372
"161","France",77,2021-04-14,50,"Europe",297,4.406,4.396,1479.14
"162","France",78,2021-04-21,45,"Europe",313,4.449,4.633,1510.281
"163","France",79,2021-04-28,44,"Europe",315,4.307,4.662,1540.43
"164","France",81,2021-05-19,39,"Europe",141,2.245,2.087,1603.57
"165","France",78,2021-06-03,38,"Europe",70,1.402,1.036,1627.976
"166","France",78,2021-06-09,37,"Europe",65,0.954,0.962,1633.615
"167","France",76,2021-06-16,35,"Europe",44,0.801,0.651,1639.225
"168","France",78,2021-06-23,36,"Europe",33,0.603,0.488,1643.443
"169","France",78,2021-06-29,36,"Europe",45,0.484,0.666,1646.344
"170","France",77,2021-07-07,39,"Europe",28,0.383,0.414,1649.393
"171","France",78,2021-07-14,37,"Europe",6,0.328,0.089,1651.687
"172","France",74,2021-07-21,38,"Europe",22,0.283,0.326,1653.67
"173","France",71,2021-07-28,36,"Europe",44,0.414,0.651,1656.571
"174","France",77,2021-08-25,38,"Europe",128,1.962,1.894,1690.835
"175","France",76,2021-09-01,37,"Europe",105,1.672,1.554,1702.542
"176","France",73,2021-09-08,37,"Europe",166,1.723,2.457,1714.605
"177","France",72,2021-09-15,37,"Europe",16,1.319,0.237,1723.841
"178","France",76,2021-09-22,35,"Europe",80,1.08,1.184,1731.404
"179","France",74,2021-09-29,35,"Europe",59,0.901,0.873,1737.709
"180","France",71,2021-10-06,35,"Europe",72,0.831,1.066,1743.526
"181","France",76,2021-10-20,35,"Europe",28,0.465,0.414,1750.926
"182","Germany",1,2020-03-16,37,"Europe",6,0.026,0.072,0.203
"183","Germany",3,2020-03-23,49,"Europe",29,0.18,0.346,1.466
"184","Germany",7,2020-03-30,48,"Europe",112,0.889,1.335,7.688
"185","Germany",14,2020-04-06,47,"Europe",226,1.984,2.694,21.573
"186","Germany",17,2020-04-13,44,"Europe",172,2.357,2.05,38.069
"187","Germany",24,2020-04-20,44,"Europe",276,2.84,3.29,57.95
"188","Germany",38,2020-04-27,43,"Europe",150,2.152,1.788,73.015
"189","Germany",62,2020-05-04,40,"Europe",127,1.476,1.514,83.349
"190","Germany",64,2020-05-25,35,"Europe",26,0.521,0.31,99.034
"191","Germany",64,2020-06-18,34,"Europe",24,0.175,0.286,105.78
"192","Germany",65,2020-07-02,36,"Europe",11,0.112,0.131,107.341
"193","Germany",66,2020-07-16,35,"Europe",7,0.051,0.083,108.307
"194","Germany",65,2020-07-30,40,"Europe",9,0.058,0.107,108.986
"195","Germany",66,2020-08-13,41,"Europe",4,0.061,0.048,109.856
"196","Germany",63,2020-08-27,41,"Europe",5,0.046,0.06,110.726
"197","Germany",64,2020-09-10,39,"Europe",3,0.039,0.036,111.382
"198","Germany",62,2020-09-24,41,"Europe",13,0.102,0.155,112.467
"199","Germany",64,2020-10-08,43,"Europe",12,0.145,0.143,114.35
"200","Germany",64,2020-10-22,45,"Europe",49,0.376,0.584,118.712
"201","Germany",72,2020-11-04,46,"Europe",232,1.245,2.765,130.5
"202","Germany",69,2020-11-19,44,"Europe",272,2.462,3.242,162.836
"203","Germany",73,2020-12-04,44,"Europe",480,4.369,5.721,221.417
"204","Germany",74,2020-12-17,48,"Europe",754,6.748,8.987,298.294
"205","Germany",72,2020-12-31,46,"Europe",510,7.596,6.079,402.751
"206","Germany",72,2021-01-18,50,"Europe",362,9.304,4.315,563.322
"207","Germany",75,2021-01-28,46,"Europe",1385,8.525,16.508,666.063
"208","Germany",74,2021-02-11,45,"Europe",552,6.113,6.579,765.478
"209","Germany",71,2021-02-26,46,"Europe",596,3.743,7.104,833.595
"210","Germany",71,2021-03-11,43,"Europe",262,2.666,3.123,871.509
"211","Germany",69,2021-03-25,45,"Europe",185,2.157,2.205,901.89
"212","Germany",70,2021-04-08,43,"Europe",294,2.088,3.504,930.257
"213","Germany",71,2021-04-23,45,"Europe",289,2.721,3.445,971.294
"214","Germany",70,2021-05-06,43,"Europe",284,2.656,3.385,1006.252
"215","Germany",67,2021-05-20,38,"Europe",227,2.183,2.706,1038.552
"216","Germany",68,2021-06-04,34,"Europe",121,1.349,1.442,1062.592
"217","Germany",66,2021-06-17,32,"Europe",92,0.994,1.097,1076.001
"218","Germany",63,2021-07-01,33,"Europe",69,0.56,0.822,1084.785
"219","Germany",61,2021-07-15,34,"Europe",20,0.254,0.238,1088.742
"220","Germany",60,2021-07-27,35,"Europe",19,0.288,0.226,1091.674
"221","Germany",63,2021-08-10,32,"Europe",14,0.194,0.167,1094.44
"222","Germany",64,2021-08-24,34,"Europe",39,0.238,0.465,1097.336
"223","Germany",63,2021-09-07,34,"Europe",44,0.398,0.524,1102.056
"224","Germany",59,2021-09-21,31,"Europe",71,0.601,0.846,1109.994
"225","Germany",62,2021-10-05,34,"Europe",76,0.659,0.906,1119.934
"226","Germany",60,2021-10-19,33,"Europe",92,0.713,1.097,1130.053
"227","Hong Kong",90,2020-02-25,66,"Asia",0,0.019,0,0.265
"228","Hong Kong",85,2020-03-03,63,"Asia",0,0,0,0.265
"229","Hong Kong",85,2020-03-10,65,"Asia",0,0.019,0,0.397
"230","Hong Kong",86,2020-03-17,65,"Asia",0,0.019,0,0.53
"231","Hong Kong",88,2020-03-24,68,"Asia",0,0,0,0.53
"232","Hong Kong",89,2020-03-31,67,"Asia",0,0,0,0.53
"233","Hong Kong",88,2020-04-07,69,"Asia",0,0,0,0.53
"234","Hong Kong",90,2020-04-14,66,"Asia",0,0,0,0.53
"235","Hong Kong",88,2020-04-21,65,"Asia",0,0,0,0.53
"236","Hong Kong",88,2020-04-28,67,"Asia",0,0,0,0.53
"237","Hong Kong",90,2020-05-05,61,"Asia",0,0,0,0.53
"238","Hong Kong",87,2020-05-25,58,"Asia",0,0,0,0.53
"239","Hong Kong",90,2020-06-08,59,"Asia",0,0,0,0.53
"240","Hong Kong",86,2020-06-22,57,"Asia",0,0.019,0,0.662
"241","Hong Kong",86,2020-07-06,54,"Asia",0,0,0,0.927
"242","Hong Kong",86,2020-07-21,66,"Asia",2,0.113,0.265,1.854
"243","Hong Kong",89,2020-08-04,66,"Asia",4,0.359,0.53,5.561
"244","Hong Kong",89,2020-08-18,61,"Asia",2,0.227,0.265,9.4
"245","Hong Kong",87,2020-08-31,59,"Asia",1,0.227,0.132,11.784
"246","Hong Kong",87,2020-09-15,55,"Asia",1,0.057,0.132,13.505
"247","Hong Kong",90,2020-09-28,57,"Asia",0,0.038,0,13.902
"248","Hong Kong",88,2020-10-12,56,"Asia",0,0,0,13.902
"249","Hong Kong",89,2020-10-27,58,"Asia",0,0,0,13.902
"250","Hong Kong",89,2020-11-09,57,"Asia",0,0.038,0,14.167
"251","Hong Kong",88,2020-11-24,57,"Asia",0,0,0,14.299
"252","Hong Kong",89,2020-12-07,60,"Asia",0,0.057,0,14.829
"253","Hong Kong",88,2020-12-21,62,"Asia",1,0.208,0.132,17.345
"254","Hong Kong",80,2021-01-05,62,"Asia",0,0.189,0,20.257
"255","Hong Kong",85,2021-01-18,61,"Asia",1,0.076,0.132,21.581
"256","Hong Kong",81,2021-02-01,58,"Asia",1,0.208,0.132,24.097
"257","Hong Kong",81,2021-02-16,60,"Asia",2,0.132,0.265,25.818
"258","Hong Kong",87,2021-03-02,59,"Asia",0,0.057,0,26.48
"259","Hong Kong",92,2021-03-15,59,"Asia",0,0.019,0,26.877
"260","Hong Kong",88,2021-03-29,56,"Asia",0,0.038,0,27.142
"261","Hong Kong",88,2021-04-12,57,"Asia",0,0.038,0,27.407
"262","Hong Kong",90,2021-04-27,40,"Asia",0,0,0,27.672
"263","Hong Kong",86,2021-05-10,56,"Asia",0,0,0,27.804
"264","Hong Kong",86,2021-05-25,57,"Asia",0,0,0,27.804
"265","Hong Kong",90,2021-06-07,55,"Asia",0,0,0,27.804
"266","Hong Kong",88,2021-06-21,57,"Asia",0,0,0,27.804
"267","Hong Kong",86,2021-07-05,55,"Asia",1,0.038,0.132,28.069
"268","Hong Kong",86,2021-07-20,52,"Asia",0,0,0,28.069
"269","Hong Kong",86,2021-07-29,52,"Asia",0,0,0,28.069
"270","Hong Kong",90,2021-08-12,52,"Asia",0,0,0,28.069
"271","Hong Kong",83,2021-08-26,54,"Asia",0,0,0,28.069
"272","Hong Kong",87,2021-09-14,54,"Asia",0,0.019,0,28.201
"273","Hong Kong",84,2021-09-23,50,"Asia",0,0,0,28.201
"274","Hong Kong",89,2021-10-07,50,"Asia",0,0,0,28.201
"275","India",43,2020-03-16,53,"Asia",0,0,0,0.001
"276","India",46,2020-03-20,54,"Asia",1,0,0.001,0.004
"277","India",65,2020-03-27,64,"Asia",0,0.002,0,0.014
"278","India",71,2020-04-03,65,"Asia",0,0.005,0,0.052
"279","India",79,2020-04-10,64,"Asia",20,0.018,0.014,0.177
"280","India",84,2020-04-17,57,"Asia",38,0.025,0.027,0.349
"281","India",81,2020-04-24,62,"Asia",59,0.03,0.042,0.56
"282","India",82,2020-05-01,62,"Asia",69,0.045,0.05,0.878
"283","India",82,2020-07-23,53,"Asia",740,0.513,0.531,21.961
"284","India",82,2020-08-02,59,"Asia",771,0.55,0.553,27.368
"285","India",81,2020-08-05,59,"Asia",904,0.589,0.649,29.208
"286","India",87,2020-08-14,61,"Asia",996,0.668,0.715,35.191
"287","India",80,2020-08-21,56,"Asia",945,0.693,0.678,40.041
"288","India",80,2020-09-18,64,"Asia",1247,0.835,0.895,61.446
"289","India",83,2020-09-24,61,"Asia",1141,0.812,0.819,66.233
"290","India",80,2020-10-02,58,"Asia",1069,0.765,0.767,72.371
"291","India",77,2020-10-11,58,"Asia",816,0.663,0.586,78.333
"292","India",79,2020-10-19,54,"Asia",587,0.548,0.421,82.673
"293","India",79,2020-10-23,61,"Asia",650,0.508,0.466,84.653
"294","India",83,2020-10-31,57,"Asia",470,0.367,0.337,87.635
"295","India",79,2020-11-06,58,"Asia",577,0.402,0.414,90.111
"296","India",79,2020-11-13,61,"Asia",520,0.372,0.373,92.714
"297","India",82,2020-11-20,62,"Asia",564,0.363,0.405,95.253
"298","India",79,2020-11-29,62,"Asia",443,0.349,0.318,98.42
"299","India",82,2020-12-05,63,"Asia",482,0.357,0.346,100.604
"300","India",82,2020-12-14,62,"Asia",354,0.282,0.254,103.135
"301","India",75,2020-12-18,62,"Asia",347,0.257,0.249,104.159
"302","India",79,2020-12-27,62,"Asia",279,0.214,0.2,106.143
"303","India",79,2021-01-03,61,"Asia",214,0.179,0.154,107.398
"304","India",80,2021-01-08,63,"Asia",0,0.139,0,108.059
"305","India",76,2021-01-15,58,"Asia",175,0.156,0.126,109.152
"306","India",80,2021-01-22,57,"Asia",152,0.112,0.109,109.935
"307","India",78,2021-01-30,59,"Asia",127,0.096,0.091,110.717
"308","India",78,2021-02-08,55,"Asia",78,0.069,0.056,111.351
"309","India",78,2021-02-15,59,"Asia",81,0.067,0.058,111.821
"310","India",78,2021-02-25,60,"Asia",120,0.073,0.086,112.548
"311","India",81,2021-03-07,57,"Asia",97,0.071,0.07,113.285
"312","India",72,2021-03-22,58,"Asia",199,0.134,0.143,114.945
"313","India",72,2021-03-28,61,"Asia",291,0.192,0.209,116.149
"314","India",72,2021-04-04,61,"Asia",478,0.334,0.343,118.487
"315","India",76,2021-04-11,62,"Asia",904,0.521,0.649,122.131
"316","India",74,2021-04-18,69,"Asia",1619,0.881,1.162,128.296
"317","India",76,2021-04-25,64,"Asia",2812,1.677,2.018,140.033
"318","India",78,2021-05-03,67,"Asia",3449,2.513,2.475,159.614
"319","India",78,2021-05-10,65,"Asia",3876,2.828,2.782,179.41
"320","India",77,2021-05-16,64,"Asia",4106,2.899,2.947,196.92
"321","India",78,2021-05-21,64,"Asia",4194,3.006,3.01,212.088
"322","India",77,2021-05-30,62,"Asia",3128,2.602,2.245,236.183
"323","India",78,2021-06-06,62,"Asia",2427,2.059,1.742,250.598
"324","India",79,2021-06-13,61,"Asia",3921,2.575,2.814,268.625
"325","India",73,2021-06-20,61,"Asia",1427,1.418,1.024,278.551
"326","India",77,2021-06-27,63,"Asia",979,0.881,0.703,284.719
"327","India",75,2021-07-04,61,"Asia",723,0.615,0.519,289.024
"328","India",76,2021-07-08,60,"Asia",911,0.577,0.654,291.328
"329","India",75,2021-07-17,58,"Asia",518,0.571,0.372,296.832
"330","Indonesia",48,2020-03-16,73,"Asia",0,0.003,0,0.018
"331","Indonesia",59,2020-03-23,78,"Asia",1,0.023,0.004,0.177
"332","Indonesia",71,2020-03-30,85,"Asia",8,0.038,0.029,0.441
"333","Indonesia",70,2020-04-06,75,"Asia",11,0.045,0.04,0.756
"334","Indonesia",79,2020-04-13,78,"Asia",26,0.098,0.094,1.444
"335","Indonesia",81,2020-04-20,77,"Asia",8,0.099,0.029,2.135
"336","Indonesia",79,2020-04-27,77,"Asia",22,0.09,0.08,2.768
"337","Indonesia",84,2020-05-04,83,"Asia",19,0.051,0.069,3.126
"338","Indonesia",82,2020-05-22,87,"Asia",48,0.129,0.174,4.798
"339","Indonesia",84,2020-06-08,83,"Asia",32,0.125,0.116,6.814
"340","Indonesia",85,2020-06-22,83,"Asia",35,0.156,0.127,9.046
"341","Indonesia",85,2020-07-06,84,"Asia",70,0.225,0.253,11.727
"342","Indonesia",85,2020-07-20,83,"Asia",96,0.301,0.347,15.339
"343","Indonesia",83,2020-08-03,82,"Asia",66,0.24,0.239,19.185
"344","Indonesia",82,2020-08-17,83,"Asia",57,0.228,0.206,22.46
"345","Indonesia",82,2020-08-31,84,"Asia",74,0.34,0.268,26.838
"346","Indonesia",86,2020-09-14,84,"Asia",118,0.368,0.427,31.991
"347","Indonesia",85,2020-09-28,84,"Asia",87,0.411,0.315,37.896
"348","Indonesia",84,2020-10-12,80,"Asia",91,0.353,0.329,43.186
"349","Indonesia",86,2020-10-26,83,"Asia",112,0.41,0.405,48.527
"350","Indonesia",85,2020-11-09,79,"Asia",75,0.333,0.271,53.151
"351","Indonesia",83,2020-11-23,80,"Asia",118,0.365,0.427,57.902
"352","Indonesia",84,2020-12-07,80,"Asia",127,0.477,0.46,64.651
"353","Indonesia",86,2020-12-21,81,"Asia",205,0.584,0.742,72.676
"354","Indonesia",80,2021-01-04,78,"Asia",177,0.754,0.64,82.902
"355","Indonesia",85,2021-01-18,78,"Asia",295,1.002,1.067,95.1
"356","Indonesia",81,2021-02-01,77,"Asia",279,1.109,1.01,109.556
"357","Indonesia",81,2021-02-15,78,"Asia",184,0.829,0.666,120.737
"358","Indonesia",81,2021-03-01,78,"Asia",159,0.845,0.575,131.44
"359","Indonesia",83,2021-03-15,76,"Asia",147,0.53,0.532,139.574
"360","Indonesia",82,2021-03-29,77,"Asia",132,0.45,0.478,146.84
"361","Indonesia",81,2021-04-12,76,"Asia",126,0.435,0.456,154.348
"362","Indonesia",82,2021-04-26,76,"Asia",177,0.622,0.64,162.001
"363","Indonesia",81,2021-05-10,78,"Asia",206,0.656,0.745,170.856
"364","Indonesia",79,2021-05-24,77,"Asia",127,0.594,0.46,178.95
"365","Indonesia",81,2021-06-07,77,"Asia",191,0.633,0.691,187.446
"366","Indonesia",81,2021-06-21,77,"Asia",294,0.951,1.064,198.855
"367","Indonesia",84,2021-07-05,81,"Asia",558,1.85,2.019,221.232
"368","Indonesia",81,2021-07-19,73,"Asia",1338,3.911,4.841,271.094
"369","Indonesia",76,2021-07-29,73,"Asia",1893,5.955,6.85,327.657
"370","Indonesia",79,2021-08-12,74,"Asia",1466,5.836,5.305,411.287
"371","Indonesia",80,2021-08-26,72,"Asia",889,3.902,3.217,471.056
"372","Indonesia",73,2021-09-13,69,"Asia",276,1.392,0.999,503.561
"373","Italy",26,2020-03-11,67,"Europe",196,1.704,3.247,13.699
"374","Italy",59,2020-03-19,74,"Europe",427,5.653,7.073,56.405
"375","Italy",70,2020-03-25,72,"Europe",683,10.708,11.314,124.289
"376","Italy",82,2020-04-09,71,"Europe",610,10.327,10.105,302.796
"377","Italy",85,2020-04-16,72,"Europe",525,9.208,8.697,367.251
"378","Italy",89,2020-04-23,67,"Europe",464,7.996,7.686,423.225
"379","Italy",87,2020-04-30,69,"Europe",285,5.722,4.721,463.279
"380","Italy",85,2020-05-26,58,"Europe",78,1.86,1.292,545.907
"381","Italy",86,2020-06-02,58,"Europe",55,1.361,0.911,555.432
"382","Italy",85,2020-06-10,52,"Europe",71,1.214,1.176,565.106
"383","Italy",84,2020-06-17,56,"Europe",43,0.79,0.712,570.638
"384","Italy",81,2020-06-23,52,"Europe",18,0.639,0.298,574.399
"385","Italy",83,2020-07-07,56,"Europe",30,0.312,0.497,578.109
"386","Italy",85,2020-07-14,58,"Europe",17,0.201,0.282,579.517
"387","Italy",84,2020-07-21,59,"Europe",15,0.211,0.248,580.992
"388","Italy",81,2020-07-28,61,"Europe",11,0.118,0.182,581.82
"389","Italy",83,2020-08-18,64,"Europe",5,0.45,0.083,586.491
"390","Italy",84,2020-08-25,59,"Europe",4,0.095,0.066,587.154
"391","Italy",82,2020-09-01,64,"Europe",8,0.109,0.133,587.916
"392","Italy",85,2020-09-09,60,"Europe",14,0.189,0.232,589.341
"393","Italy",85,2020-09-16,63,"Europe",12,0.161,0.199,590.467
"394","Italy",88,2020-09-29,62,"Europe",24,0.324,0.398,594.277
"395","Italy",88,2020-10-06,62,"Europe",28,0.367,0.464,596.845
"396","Italy",88,2020-10-13,64,"Europe",41,0.511,0.679,600.423
"397","Italy",84,2020-10-20,66,"Europe",89,1.086,1.474,608.026
"398","Italy",89,2020-10-27,67,"Europe",221,2.355,3.661,624.509
"399","Italy",88,2020-11-03,69,"Europe",353,4.051,5.848,652.868
"400","Italy",87,2020-11-10,70,"Europe",580,6.905,9.608,701.205
"401","Italy",86,2020-11-17,66,"Europe",731,9.783,12.109,769.686
"402","Italy",84,2020-12-01,69,"Europe",785,11.962,13.004,933.632
"403","Italy",84,2020-12-09,66,"Europe",499,11.108,8.266,1022.72
"404","Italy",88,2020-12-14,67,"Europe",491,10.424,8.134,1076.921
"405","Italy",83,2020-12-22,68,"Europe",628,9.43,10.403,1156.948
"406","Italy",87,2021-01-05,66,"Europe",649,7.809,10.751,1264.406
"407","Italy",86,2021-01-12,63,"Europe",616,8.259,10.204,1322.219
"408","Italy",87,2021-01-19,69,"Europe",603,7.899,9.989,1377.513
"409","Italy",80,2021-01-26,66,"Europe",541,7.726,8.962,1431.599
"410","Italy",87,2021-02-02,63,"Europe",499,6.915,8.266,1480.002
"411","Italy",84,2021-02-09,66,"Europe",422,6.29,6.991,1524.033
"412","Italy",83,2021-02-16,64,"Europe",336,5.133,5.566,1559.963
"413","Italy",82,2021-02-25,65,"Europe",308,4.939,5.102,1606.395
"414","Italy",83,2021-03-02,66,"Europe",343,4.591,5.682,1628.162
"415","Italy",88,2021-03-09,65,"Europe",376,5.185,6.229,1664.456
"416","Italy",84,2021-03-16,65,"Europe",502,5.968,8.316,1706.233
"417","Italy",86,2021-03-23,65,"Europe",551,6.811,9.127,1753.908
"418","Italy",84,2021-03-30,69,"Europe",529,7.099,8.763,1803.604
"419","Italy",81,2021-04-06,66,"Europe",421,6.787,6.974,1851.113
"420","Italy",85,2021-04-13,64,"Europe",476,7.906,7.885,1906.457
"421","Italy",84,2021-04-20,63,"Europe",390,6.023,6.46,1948.616
"422","Italy",84,2021-04-27,59,"Europe",373,5.393,6.179,1986.368
"423","Italy",82,2021-05-04,58,"Europe",305,4.321,5.052,2016.616
"424","Italy",83,2021-05-18,55,"Europe",201,2.875,3.33,2062.319
"425","Italy",82,2021-05-25,52,"Europe",166,2.376,2.75,2078.951
"426","Italy",82,2021-06-01,53,"Europe",93,1.704,1.541,2090.878
"427","Italy",79,2021-06-08,50,"Europe",102,1.11,1.69,2098.647
"428","Italy",80,2021-06-15,53,"Europe",63,0.973,1.044,2105.455
"429","Italy",78,2021-06-29,52,"Europe",42,0.521,0.696,2112.76
"430","Italy",78,2021-07-13,53,"Europe",20,0.246,0.331,2117.167
"431","Italy",76,2021-07-20,55,"Europe",10,0.18,0.166,2118.426
"432","Italy",78,2021-07-27,53,"Europe",24,0.263,0.398,2120.264
"433","Italy",79,2021-08-03,56,"Europe",27,0.284,0.447,2122.252
"434","Italy",76,2021-08-10,50,"Europe",31,0.374,0.514,2124.87
"435","Italy",79,2021-08-17,50,"Europe",54,0.561,0.895,2128.795
"436","Italy",73,2021-08-24,53,"Europe",60,0.816,0.994,2134.51
"437","Italy",80,2021-08-31,51,"Europe",75,0.866,1.242,2140.573
"438","Italy",76,2021-09-07,55,"Europe",71,0.987,1.176,2147.481
"439","Italy",77,2021-09-14,52,"Europe",72,0.921,1.193,2153.925
"440","Italy",79,2021-09-21,52,"Europe",67,0.932,1.11,2160.452
"441","Italy",76,2021-09-28,52,"Europe",65,0.913,1.077,2166.846
"442","Italy",78,2021-10-05,50,"Europe",50,0.736,0.828,2171.998
"443","Italy",78,2021-10-12,53,"Europe",49,0.629,0.812,2176.404
"444","Italy",80,2021-10-19,52,"Europe",70,0.641,1.16,2180.893
"445","Japan",62,2020-03-17,66,"Asia",0,0.019,0,0.238
"446","Japan",62,2020-03-24,63,"Asia",1,0.014,0.008,0.333
"447","Japan",67,2020-03-30,70,"Asia",2,0.027,0.016,0.516
"448","Japan",73,2020-04-06,85,"Asia",3,0.035,0.024,0.762
"449","Japan",76,2020-04-13,87,"Asia",9,0.068,0.071,1.238
"450","Japan",81,2020-04-20,86,"Asia",20,0.135,0.159,2.182
"451","Japan",84,2020-04-27,88,"Asia",22,0.161,0.175,3.308
"452","Japan",86,2020-05-04,86,"Asia",22,0.187,0.175,4.617
"453","Malaysia",69,2020-03-23,90,"Asia",5,0.07,0.153,0.488
"454","Malaysia",77,2020-03-30,90,"Asia",4,0.118,0.122,1.312
"455","Malaysia",82,2020-04-06,89,"Asia",2,0.092,0.061,1.953
"456","Malaysia",80,2020-04-13,86,"Asia",1,0.07,0.031,2.441
"457","Malaysia",83,2020-04-20,85,"Asia",1,0.044,0.031,2.746
"458","Malaysia",86,2020-04-27,87,"Asia",1,0.039,0.031,3.02
"459","Malaysia",85,2020-05-04,85,"Asia",0,0.026,0,3.204
"460","Malaysia",85,2020-05-25,88,"Asia",0,0.004,0,3.509
"461","Malaysia",88,2020-06-08,85,"Asia",0,0.009,0,3.57
"462","Malaysia",89,2020-06-22,86,"Asia",0,0,0,3.692
"463","Malaysia",86,2020-07-06,86,"Asia",0,0,0,3.692
"464","Malaysia",85,2020-07-20,83,"Asia",0,0.004,0,3.753
"465","Malaysia",84,2020-08-03,84,"Asia",0,0.004,0,3.814
"466","Malaysia",91,2020-08-17,87,"Asia",0,0,0,3.814
"467","Malaysia",89,2020-08-31,87,"Asia",0,0.009,0,3.875
"468","Malaysia",88,2020-09-14,86,"Asia",1,0.004,0.031,3.936
"469","Malaysia",90,2020-09-28,85,"Asia",1,0.022,0.031,4.149
"470","Malaysia",92,2020-10-12,89,"Asia",3,0.096,0.092,5.065
"471","Malaysia",91,2020-10-26,89,"Asia",2,0.183,0.061,7.292
"472","Malaysia",91,2020-11-09,88,"Asia",8,0.113,0.244,8.97
"473","Malaysia",90,2020-11-23,86,"Asia",2,0.105,0.061,10.282
"474","Malaysia",89,2020-12-07,87,"Asia",2,0.105,0.061,11.716
"475","Malaysia",88,2020-12-21,85,"Asia",1,0.083,0.031,13.363
"476","Malaysia",90,2021-01-04,84,"Asia",7,0.2,0.214,15.285
"477","Malaysia",91,2021-01-18,88,"Asia",4,0.218,0.122,18.459
"478","Malaysia",90,2021-02-01,88,"Asia",10,0.353,0.305,23.493
"479","Malaysia",89,2021-02-15,86,"Asia",11,0.309,0.336,29.503
"480","Malaysia",91,2021-03-01,84,"Asia",5,0.344,0.153,34.781
"481","Malaysia",85,2021-03-15,85,"Asia",3,0.157,0.092,37.161
"482","Malaysia",86,2021-03-29,83,"Asia",5,0.074,0.153,38.443
"483","Malaysia",87,2021-04-12,84,"Asia",4,0.166,0.122,40.67
"484","Malaysia",89,2021-04-26,84,"Asia",13,0.275,0.397,44.209
"485","Malaysia",88,2021-05-10,85,"Asia",17,0.649,0.519,51.867
"486","Malaysia",84,2021-05-24,85,"Asia",61,1.578,1.861,70.447
"487","Malaysia",86,2021-06-07,85,"Asia",82,2.894,2.502,105.564
"488","Malaysia",89,2021-06-21,84,"Asia",69,2.219,2.105,136.593
"489","Malaysia",88,2021-07-05,84,"Asia",77,2.497,2.349,170.062
"490","Malaysia",89,2021-07-19,85,"Asia",129,3.87,3.936,218.085
"491","Malaysia",87,2021-07-29,86,"Asia",174,5.017,5.309,266.199
"492","Malaysia",89,2021-08-12,88,"Asia",318,7.288,9.702,356.692
"493","Malaysia",84,2021-08-26,85,"Asia",393,7.545,11.99,464.087
"494","Malaysia",82,2021-09-13,84,"Asia",413,11.476,12.601,644.492
"495","Malaysia",82,2021-09-27,82,"Asia",258,8.504,7.872,783.953
"496","Malaysia",86,2021-10-11,83,"Asia",93,2.89,2.837,836.644
"497","Mexico",21,2020-03-23,39,"North America",1,0.004,0.008,0.031
"498","Mexico",28,2020-03-30,35,"North America",8,0.026,0.061,0.215
"499","Mexico",37,2020-04-06,45,"North America",31,0.106,0.238,0.96
"500","Mexico",46,2020-04-13,45,"North America",36,0.227,0.276,2.549
"501","Mexico",60,2020-04-20,46,"North America",26,0.417,0.2,5.466
"502","Mexico",67,2020-04-27,45,"North America",83,0.792,0.637,11.009
"503","Norway",3,2020-03-16,41,"Europe",0,0.078,0,0.549
"504","Norway",3,2020-03-23,42,"Europe",3,0.183,0.549,1.83
"505","Norway",4,2020-03-29,48,"Europe",2,0.47,0.366,4.574
"506","Norway",1,2020-04-05,38,"Europe",9,1.202,1.647,12.99
"507","Norway",9,2020-04-12,47,"Europe",9,1.49,1.647,23.419
"508","Norway",6,2020-04-19,48,"Europe",1,0.967,0.183,30.189
"509","Norway",5,2020-04-26,47,"Europe",0,0.941,0,36.775
"510","Norway",7,2020-05-03,41,"Europe",0,0.261,0,38.605
"511","Norway",5,2020-05-25,33,"Europe",0,0.052,0,42.996
"512","Norway",16,2020-09-14,45,"Europe",0,0.026,0,48.485
"513","Norway",18,2020-09-27,42,"Europe",0,0.078,0,49.4
"514","Norway",24,2020-10-11,45,"Europe",0,0,0,50.314
"515","Norway",40,2020-11-09,49,"Europe",0,0.078,0,52.144
"516","Norway",48,2020-12-07,34,"Europe",5,0.706,0.915,65.683
"517","Norway",62,2021-01-17,46,"Europe",0,1.176,0,94.591
"518","Norway",59,2021-02-01,47,"Europe",3,0.497,0.549,103.739
"519","Norway",59,2021-02-14,45,"Europe",0,0.261,0,108.313
"520","Norway",66,2021-02-28,45,"Europe",0,0.392,0,113.802
"521","Norway",71,2021-03-29,49,"Europe",4,0.288,0.732,120.755
"522","Norway",76,2021-04-12,48,"Europe",3,0.288,0.549,125.695
"523","Norway",69,2021-05-10,44,"Europe",0,0.261,0,140.332
"524","Norway",65,2021-06-07,39,"Europe",-1,0.026,-0.183,143.442
"525","Norway",61,2021-06-21,28,"Europe",0,0.026,0,144.54
"526","Norway",58,2021-07-05,29,"Europe",0,0.052,0,145.271
"527","Norway",45,2021-07-18,27,"Europe",0,0,0,145.637
"528","Norway",45,2021-08-16,29,"Europe",1,0.131,0.183,148.016
"529","Norway",45,2021-08-30,31,"Europe",0,0.078,0,148.931
"530","Norway",46,2021-09-13,30,"Europe",0,0.131,0,151.309
"531","Norway",14,2021-09-27,27,"Europe",0,0.235,0,155.517
"532","Norway",31,2021-10-11,27,"Europe",0,0.261,0,159.36
"533","Philippines",62,2020-02-24,72,"Asia",0,0,0,0.009
"534","Philippines",61,2020-03-02,73,"Asia",0,0,0,0.009
"535","Philippines",59,2020-03-09,69,"Asia",0,0,0,0.009
"536","Philippines",59,2020-03-16,75,"Asia",1,0.014,0.009,0.108
"537","Philippines",76,2020-03-23,81,"Asia",8,0.027,0.072,0.297
"538","Philippines",82,2020-03-30,80,"Asia",7,0.058,0.063,0.702
"539","Philippines",84,2020-04-06,82,"Asia",11,0.109,0.099,1.468
"540","Philippines",83,2020-04-13,80,"Asia",18,0.196,0.162,2.837
"541","Philippines",81,2020-04-20,82,"Asia",19,0.145,0.171,3.854
"542","Philippines",83,2020-04-27,82,"Asia",10,0.107,0.09,4.602
"543","Philippines",84,2020-05-04,83,"Asia",16,0.144,0.144,5.61
"544","Philippines",82,2020-05-25,85,"Asia",5,0.054,0.045,7.862
"545","Philippines",84,2020-06-08,81,"Asia",8,0.066,0.072,9.104
"546","Philippines",82,2020-06-22,83,"Asia",8,0.102,0.072,10.599
"547","Philippines",84,2020-07-06,82,"Asia",6,0.062,0.054,11.734
"548","Philippines",84,2020-07-20,78,"Asia",4,0.304,0.036,16.525
"549","Philippines",83,2020-08-03,84,"Asia",45,0.205,0.405,18.947
"550","Philippines",86,2020-08-17,83,"Asia",16,0.498,0.144,24.143
"551","Philippines",86,2020-08-31,83,"Asia",38,0.705,0.342,32.041
"552","Philippines",87,2020-09-14,82,"Asia",259,0.952,2.332,41.694
"553","Philippines",87,2020-09-28,83,"Asia",37,0.491,0.333,48.457
"554","Philippines",88,2020-10-12,72,"Asia",11,0.633,0.099,57.021
"555","Philippines",84,2020-10-26,78,"Asia",62,0.468,0.558,63.388
"556","Philippines",85,2020-11-09,79,"Asia",108,0.486,0.973,68.863
"557","Philippines",85,2020-11-23,80,"Asia",50,0.43,0.45,73.6
"558","Philippines",88,2020-12-07,81,"Asia",18,0.232,0.162,77.193
"559","Philippines",86,2020-12-21,82,"Asia",10,0.257,0.09,80.66
"560","Philippines",87,2021-01-04,81,"Asia",6,0.179,0.054,83.415
"561","Philippines",84,2021-01-18,82,"Asia",14,0.634,0.126,89.233
"562","Philippines",84,2021-02-01,79,"Asia",58,0.663,0.522,97.319
"563","Philippines",83,2021-02-15,79,"Asia",2,0.368,0.018,103.713
"564","Philippines",82,2021-03-01,78,"Asia",4,0.293,0.036,110.962
"565","Philippines",83,2021-03-15,77,"Asia",8,0.407,0.072,115.6
"566","Philippines",81,2021-03-29,79,"Asia",16,0.275,0.144,118.743
"567","Philippines",84,2021-04-12,79,"Asia",204,2.205,1.837,136.42
"568","Philippines",85,2021-04-26,80,"Asia",70,1.036,0.63,151.765
"569","Philippines",84,2021-05-10,80,"Asia",90,1.334,0.81,167.155
"570","Philippines",81,2021-05-24,79,"Asia",32,0.928,0.288,179.951
"571","Philippines",86,2021-06-07,78,"Asia",71,1.29,0.639,197.835
"572","Philippines",87,2021-06-21,79,"Asia",128,1.163,1.153,213.865
"573","Philippines",85,2021-07-06,80,"Asia",104,0.951,0.937,227.796
"574","Philippines",80,2021-09-13,78,"Asia",162,1.248,1.459,317.947
"575","Philippines",78,2021-09-27,77,"Asia",0,0.606,0,336.84
"576","Philippines",79,2021-10-11,76,"Asia",36,1.07,0.324,357.146
"577","Saudi Arabia",47,2020-03-25,71,"Asia",1,0.008,0.028,0.057
"578","Saudi Arabia",54,2020-04-01,73,"Asia",6,0.057,0.17,0.453
"579","Saudi Arabia",48,2020-04-07,71,"Asia",3,0.125,0.085,1.16
"580","Saudi Arabia",59,2020-04-14,75,"Asia",8,0.129,0.226,2.066
"581","Saudi Arabia",60,2020-04-22,76,"Asia",5,0.141,0.141,3.226
"582","Saudi Arabia",56,2020-04-29,75,"Asia",5,0.174,0.141,4.442
"583","Saudi Arabia",63,2020-05-04,72,"Asia",7,0.19,0.198,5.405
"584","Saudi Arabia",72,2020-06-03,70,"Asia",30,0.623,0.849,16.383
"585","Saudi Arabia",73,2020-06-10,73,"Asia",36,0.97,1.019,23.174
"586","Saudi Arabia",71,2020-06-17,68,"Asia",39,1.1,1.104,30.871
"587","Saudi Arabia",75,2020-07-13,69,"Asia",20,1.112,0.566,63.468
"588","Saudi Arabia",71,2020-07-29,67,"Asia",27,0.869,0.764,79.682
"589","Saudi Arabia",71,2020-08-10,64,"Asia",32,1.011,0.905,90.519
"590","Saudi Arabia",69,2020-08-19,61,"Asia",36,0.958,1.019,99.206
"591","Saudi Arabia",68,2020-08-31,62,"Asia",27,0.833,0.764,110.27
"592","Saudi Arabia",66,2020-09-30,55,"Asia",29,0.804,0.821,134.915
"593","Saudi Arabia",71,2020-10-07,59,"Asia",24,0.724,0.679,139.98
"594","Saudi Arabia",69,2020-10-14,60,"Asia",21,0.651,0.594,144.536
"595","Saudi Arabia",71,2020-11-02,62,"Asia",17,0.501,0.481,153.845
"596","Saudi Arabia",72,2020-11-09,59,"Asia",19,0.493,0.538,157.297
"597","Saudi Arabia",71,2020-11-17,59,"Asia",16,0.469,0.453,161.061
"598","Saudi Arabia",75,2020-11-30,57,"Asia",12,0.404,0.34,166.833
"599","Saudi Arabia",69,2020-12-16,54,"Asia",11,0.315,0.311,172.04
"600","Saudi Arabia",68,2020-12-23,56,"Asia",9,0.275,0.255,173.964
"601","Saudi Arabia",66,2021-01-10,56,"Asia",5,0.182,0.141,178.01
"602","Saudi Arabia",67,2021-02-01,52,"Asia",4,0.097,0.113,180.5
"603","Saudi Arabia",71,2021-02-08,61,"Asia",4,0.109,0.113,181.264
"604","Saudi Arabia",76,2021-02-21,57,"Asia",4,0.113,0.113,182.82
"605","Saudi Arabia",72,2021-03-07,59,"Asia",4,0.137,0.113,184.716
"606","Saudi Arabia",71,2021-03-16,55,"Asia",5,0.158,0.141,186.131
"607","Saudi Arabia",71,2021-05-10,54,"Asia",13,0.376,0.368,200.477
"608","Saudi Arabia",72,2021-05-24,56,"Asia",15,0.364,0.424,205.542
"609","Saudi Arabia",71,2021-05-31,51,"Asia",15,0.396,0.424,208.315
"610","Saudi Arabia",69,2021-06-16,51,"Asia",15,0.477,0.424,215.644
"611","Saudi Arabia",69,2021-07-13,52,"Asia",14,0.4,0.396,226.538
"612","Saudi Arabia",69,2021-08-02,53,"Asia",0,0.283,0,233.414
"613","Saudi Arabia",71,2021-08-10,52,"Asia",0,0.251,0,235.168
"614","Saudi Arabia",72,2021-08-22,53,"Asia",0,0.279,0,239.299
"615","Saudi Arabia",68,2021-09-27,47,"Asia",5,0.15,0.141,246.288
"616","Saudi Arabia",64,2021-10-11,43,"Asia",3,0.129,0.085,247.533
"617","Saudi Arabia",62,2021-10-25,42,"Asia",2,0.061,0.057,248.439
"618","Singapore",27,2020-03-27,67,"Asia",0,0.052,0,0.367
"619","Singapore",37,2020-04-03,73,"Asia",1,0.079,0.183,0.917
"620","Singapore",73,2020-04-10,71,"Asia",1,0.052,0.183,1.284
"621","Singapore",85,2020-04-17,71,"Asia",1,0.105,0.183,2.017
"622","Singapore",90,2020-04-24,69,"Asia",0,0.026,0,2.2
"623","Singapore",90,2020-05-01,71,"Asia",1,0.105,0.183,2.934
"624","Singapore",92,2020-05-22,67,"Asia",0,0.052,0,4.217
"625","Singapore",89,2020-06-05,68,"Asia",0,0.026,0,4.401
"626","Singapore",92,2020-06-19,68,"Asia",0,0.026,0,4.767
"627","Singapore",90,2020-07-07,69,"Asia",0,0,0,4.767
"628","Singapore",92,2020-07-20,69,"Asia",0,0.026,0,4.951
"629","Singapore",88,2020-08-03,68,"Asia",0,0,0,4.951
"630","Singapore",90,2020-08-14,66,"Asia",0,0,0,4.951
"631","Singapore",90,2020-08-28,67,"Asia",0,0,0,4.951
"632","Singapore",87,2020-09-11,67,"Asia",0,0,0,4.951
"633","Singapore",89,2020-09-25,66,"Asia",0,0,0,4.951
"634","Singapore",88,2020-10-09,65,"Asia",0,0,0,4.951
"635","Singapore",92,2020-10-23,62,"Asia",0,0,0,5.134
"636","Singapore",91,2020-11-06,63,"Asia",0,0,0,5.134
"637","Singapore",91,2020-11-20,65,"Asia",0,0,0,5.134
"638","Singapore",87,2020-12-04,63,"Asia",0,0.026,0,5.318
"639","Singapore",91,2020-12-18,60,"Asia",0,0,0,5.318
"640","Singapore",91,2021-01-04,64,"Asia",0,0,0,5.318
"641","Singapore",90,2021-01-15,64,"Asia",0,0,0,5.318
"642","Singapore",88,2021-01-29,64,"Asia",0,0,0,5.318
"643","Singapore",87,2021-02-12,61,"Asia",0,0,0,5.318
"644","Singapore",86,2021-02-26,63,"Asia",0,0,0,5.318
"645","Singapore",87,2021-03-12,58,"Asia",0,0,0,5.318
"646","Singapore",89,2021-03-26,59,"Asia",0,0,0,5.501
"647","Singapore",90,2021-04-09,57,"Asia",0,0,0,5.501
"648","Singapore",89,2021-04-23,61,"Asia",0,0,0,5.501
"649","Singapore",89,2021-05-07,65,"Asia",0,0.026,0,5.684
"650","Singapore",89,2021-05-21,70,"Asia",0,0.026,0,5.868
"651","Singapore",90,2021-06-04,66,"Asia",0,0.026,0,6.051
"652","Singapore",93,2021-06-18,65,"Asia",0,0,0,6.234
"653","Singapore",91,2021-07-02,62,"Asia",0,0.026,0,6.601
"654","Singapore",87,2021-07-29,63,"Asia",0,0.026,0,6.785
"655","Singapore",91,2021-08-12,62,"Asia",0,0.079,0,7.885
"656","Singapore",87,2021-08-26,67,"Asia",0,0.157,0,9.535
"657","Singapore",86,2021-09-10,67,"Asia",1,0.079,0.183,10.635
"658","Singapore",90,2021-09-24,66,"Asia",3,0.367,0.55,13.386
"659","Singapore",89,2021-10-08,66,"Asia",6,1.022,1.1,26.038
"660","Spain",5,2020-03-12,38,"Europe",1,0.159,0.021,1.177
"661","Spain",25,2020-03-19,44,"Europe",207,2.368,4.428,17.756
"662","Spain",42,2020-03-25,50,"Europe",839,9.242,17.948,78.019
"663","Spain",45,2020-04-02,48,"Europe",961,18.285,20.558,221.37
"664","Spain",56,2020-04-08,49,"Europe",747,16.518,15.98,316.439
"665","Spain",65,2020-04-16,45,"Europe",607,11.821,12.985,413.197
"666","Spain",66,2020-04-23,46,"Europe",440,8.685,9.413,473.995
"667","Spain",72,2020-04-30,45,"Europe",268,7.292,5.733,525.038
"668","Spain",86,2020-05-28,56,"Europe",2,-2.509,0.043,580.145
"669","Spain",87,2020-06-12,42,"Europe",0,0.006,0,580.509
"670","Spain",80,2020-06-21,41,"Europe",1,3.628,0.021,605.902
"671","Spain",86,2020-06-25,44,"Europe",3,3.649,0.064,606.051
"672","Spain",88,2020-07-09,44,"Europe",5,0.101,0.107,607.57
"673","Spain",86,2020-07-16,43,"Europe",3,0.046,0.064,607.891
"674","Spain",88,2020-07-23,44,"Europe",3,0.04,0.064,608.169
"675","Spain",90,2020-07-30,45,"Europe",2,0.043,0.043,608.469
"676","Spain",89,2020-08-06,45,"Europe",1,0.174,0.021,609.688
"677","Spain",89,2020-08-25,47,"Europe",52,0.776,1.112,618.759
"678","Spain",87,2020-09-04,48,"Europe",184,1.244,3.936,629.326
"679","Spain",89,2020-09-10,47,"Europe",71,1.421,1.519,635.338
"680","Spain",88,2020-09-18,47,"Europe",90,2.286,1.925,652.366
"681","Spain",89,2020-09-23,45,"Europe",130,2.417,2.781,663.897
"682","Spain",89,2020-09-30,43,"Europe",380,2.313,8.129,680.091
"683","Spain",89,2020-10-16,40,"Europe",222,2.585,4.749,722.534
"684","Spain",87,2020-11-04,47,"Europe",1623,8.105,34.72,815.442
"685","Spain",90,2020-11-16,46,"Europe",484,5.831,10.354,882.508
"686","Spain",87,2020-11-23,44,"Europe",512,5.739,10.953,922.683
"687","Spain",85,2020-12-02,45,"Europe",273,5.339,5.84,979.437
"688","Spain",85,2020-12-11,43,"Europe",280,4.193,5.99,1018.8
"689","Spain",87,2020-12-18,46,"Europe",149,3.979,3.187,1046.653
"690","Spain",85,2020-12-23,47,"Europe",178,3.368,3.808,1063.168
"691","Spain",87,2021-01-07,49,"Europe",245,2.561,5.241,1105.461
"692","Spain",89,2021-01-13,47,"Europe",195,4.425,4.172,1131.196
"693","Spain",90,2021-01-20,49,"Europe",464,5.376,9.926,1168.826
"694","Spain",88,2021-01-29,51,"Europe",513,8.795,10.974,1247.593
"695","Spain",87,2021-02-05,51,"Europe",584,9.373,12.493,1313.204
"696","Spain",87,2021-02-17,47,"Europe",337,7.982,7.209,1418.669
"697","Spain",86,2021-03-03,47,"Europe",446,5.437,9.541,1502.764
"698","Spain",86,2021-03-10,43,"Europe",234,5.238,5.006,1539.43
"699","Spain",89,2021-03-18,41,"Europe",117,2.521,2.503,1559.732
"700","Spain",86,2021-03-24,43,"Europe",0,2.906,0,1577.573
"701","Spain",88,2021-04-01,42,"Europe",82,3.426,1.754,1616.016
"702","Spain",91,2021-04-14,39,"Europe",131,2.197,2.802,1642.008
"703","Spain",88,2021-04-21,41,"Europe",262,1.858,5.605,1655.014
"704","Spain",87,2021-05-01,41,"Europe",0,1.91,0,1673.241
"705","Spain",88,2021-05-07,41,"Europe",66,1.76,1.412,1685.563
"706","Spain",86,2021-05-14,40,"Europe",58,1.672,1.241,1697.265
"707","Spain",88,2021-05-21,34,"Europe",19,0.859,0.406,1703.276
"708","Spain",86,2021-05-30,40,"Europe",0,0.871,0,1709.373
"709","Spain",86,2021-06-06,38,"Europe",0,0.889,0,1715.598
"710","Spain",84,2021-06-11,37,"Europe",36,0.935,0.77,1722.123
"711","Spain",85,2021-06-16,36,"Europe",36,0.865,0.77,1724.562
"712","Spain",84,2021-06-23,39,"Europe",29,0.406,0.62,1727.407
"713","Spain",84,2021-07-02,37,"Europe",28,0.403,0.599,1730.894
"714","Spain",86,2021-07-09,36,"Europe",6,0.281,0.128,1732.862
"715","Spain",84,2021-07-19,35,"Europe",23,0.303,0.492,1735.344
"716","Spain",85,2021-07-22,38,"Europe",28,0.336,0.599,1736.948
"717","Spain",82,2021-07-27,40,"Europe",55,0.535,1.177,1739.708
"718","Spain",84,2021-08-03,40,"Europe",130,1.375,2.781,1749.334
"719","Spain",85,2021-08-10,34,"Europe",102,1.387,2.182,1759.047
"720","Spain",84,2021-08-19,35,"Europe",121,1.824,2.589,1775.669
"721","Spain",83,2021-08-26,36,"Europe",171,2.619,3.658,1794.002
"722","Spain",84,2021-09-02,36,"Europe",168,2.381,3.594,1810.667
"723","Spain",83,2021-09-07,38,"Europe",138,2.219,2.952,1819.78
"724","Spain",82,2021-09-14,37,"Europe",155,1.473,3.316,1830.091
"725","Spain",84,2021-09-23,29,"Europe",100,1.363,2.139,1843.718
"726","Spain",79,2021-09-30,35,"Europe",18,0.703,0.385,1848.639
"727","Spain",83,2021-10-05,30,"Europe",94,0.804,2.011,1853.045
"728","Spain",84,2021-10-14,32,"Europe",48,0.66,1.027,1859.378
"729","Sweden",1,2020-03-16,30,"Europe",1,0.112,0.098,0.787
"730","Sweden",1,2020-03-23,30,"Europe",21,1.026,2.067,7.972
"731","Sweden",1,2020-03-29,31,"Europe",45,3.15,4.429,27.952
"732","Sweden",1,2020-04-05,47,"Europe",28,1.645,2.756,39.468
"733","Sweden",10,2020-04-12,53,"Europe",12,7.002,1.181,88.483
"734","Sweden",6,2020-04-19,46,"Europe",29,9.013,2.854,151.572
"735","Sweden",4,2020-04-26,47,"Europe",2,9.196,0.197,215.942
"736","Sweden",2,2020-05-03,50,"Europe",10,6.819,0.984,263.677
"737","Sweden",4,2020-05-25,44,"Europe",31,4.654,3.051,396.549
"738","Sweden",5,2020-06-09,44,"Europe",23,3.501,2.264,464.264
"739","Sweden",6,2020-06-16,45,"Europe",48,3.121,4.724,486.114
"740","Sweden",8,2020-09-11,39,"Europe",3,0.155,0.295,575.385
"741","Sweden",7,2020-09-23,38,"Europe",11,0.225,1.083,578.337
"742","Sweden",9,2020-10-09,41,"Europe",2,-0.014,0.197,580.109
"743","Sweden",9,2020-11-03,50,"Europe",0,0.07,0,584.44
"744","Sweden",16,2020-12-02,50,"Europe",291,5.863,28.641,686.21
"745","Sweden",29,2021-01-15,51,"Europe",138,12.514,13.582,1016.027
"746","Sweden",32,2021-02-01,48,"Europe",0,8.239,0,1140.829
"747","Sweden",35,2021-02-26,46,"Europe",28,2.489,2.756,1262.382
"748","Sweden",37,2021-03-12,45,"Europe",35,2.011,3.445,1293.877
"749","Sweden",36,2021-03-24,44,"Europe",42,1.814,4.134,1314.645
"750","Sweden",43,2021-04-08,44,"Europe",17,1.364,1.673,1338.07
"751","Sweden",43,2021-05-07,45,"Europe",15,1.758,1.476,1394.958
"752","Sweden",36,2021-06-07,39,"Europe",0,1.012,0,1429.407
"753","Sweden",32,2021-06-18,26,"Europe",0,0,0,1434.426
"754","Sweden",30,2021-06-30,27,"Europe",3,0.183,0.295,1439.84
"755","Sweden",23,2021-07-16,27,"Europe",3,0.042,0.295,1441.513
"756","Sweden",23,2021-08-13,25,"Europe",0,0.014,0,1442.694
"757","Sweden",21,2021-08-25,26,"Europe",4,0.169,0.394,1444.269
"758","Sweden",23,2021-09-08,26,"Europe",1,0.112,0.098,1446.828
"759","Sweden",19,2021-09-23,22,"Europe",4,0.844,0.394,1457.95
"760","Sweden",19,2021-10-06,26,"Europe",13,0.464,1.28,1465.43
"761","Taiwan",84,2020-02-25,59,"Asia",0,0,0,0.042
"762","Taiwan",85,2020-03-03,58,"Asia",0,0,0,0.042
"763","Taiwan",84,2020-03-10,60,"Asia",0,0,0,0.042
"764","Taiwan",80,2020-03-17,63,"Asia",0,0,0,0.042
"765","Taiwan",87,2020-03-24,63,"Asia",0,0.006,0,0.084
"766","Taiwan",87,2020-03-31,68,"Asia",0,0.018,0,0.21
"767","Taiwan",89,2020-04-07,72,"Asia",0,0,0,0.21
"768","Taiwan",89,2020-04-14,70,"Asia",0,0.006,0,0.252
"769","Taiwan",88,2020-04-21,68,"Asia",0,0,0,0.252
"770","Taiwan",88,2020-04-28,68,"Asia",0,0,0,0.252
"771","Taiwan",87,2020-05-05,65,"Asia",0,0,0,0.252
"772","Taiwan",86,2020-05-25,58,"Asia",0,0,0,0.293
"773","Taiwan",81,2020-06-08,49,"Asia",0,0,0,0.293
"774","Taiwan",85,2020-06-22,52,"Asia",0,0,0,0.293
"775","Taiwan",81,2020-07-06,52,"Asia",0,0,0,0.293
"776","Taiwan",80,2020-07-20,51,"Asia",0,0,0,0.293
"777","Taiwan",81,2020-08-03,55,"Asia",0,0,0,0.293
"778","Taiwan",84,2020-08-17,54,"Asia",0,0,0,0.293
"779","Taiwan",83,2020-08-31,54,"Asia",0,0,0,0.293
"780","Taiwan",85,2020-09-14,53,"Asia",0,0,0,0.293
"781","Taiwan",85,2020-09-28,54,"Asia",0,0,0,0.293
"782","Taiwan",82,2020-10-12,52,"Asia",0,0,0,0.293
"783","Taiwan",86,2020-10-27,57,"Asia",0,0,0,0.293
"784","Taiwan",82,2020-11-09,52,"Asia",0,0,0,0.293
"785","Taiwan",84,2020-11-24,55,"Asia",0,0,0,0.293
"786","Taiwan",83,2020-12-07,51,"Asia",0,0,0,0.293
"787","Taiwan",87,2020-12-21,56,"Asia",0,0,0,0.293
"788","Taiwan",87,2021-01-04,60,"Asia",0,0,0,0.293
"789","Taiwan",78,2021-01-18,55,"Asia",0,0,0,0.293
"790","Taiwan",81,2021-02-01,60,"Asia",0,0.006,0,0.335
"791","Taiwan",79,2021-02-16,55,"Asia",0,0,0,0.377
"792","Taiwan",87,2021-03-02,54,"Asia",0,0,0,0.377
"793","Taiwan",84,2021-03-22,55,"Asia",0,0,0,0.419
"794","Taiwan",88,2021-07-29,63,"Asia",0,0.03,0,32.991
"795","Taiwan",87,2021-08-12,61,"Asia",1,0.156,0.042,34.249
"796","Taiwan",86,2021-08-26,61,"Asia",2,0.036,0.084,34.877
"797","Taiwan",83,2021-09-13,62,"Asia",0,0.012,0,35.171
"798","Taiwan",82,2021-09-27,59,"Asia",1,0.012,0.042,35.297
"799","Taiwan",87,2021-10-11,56,"Asia",0,0.012,0,35.464
"800","Thailand",74,2020-03-02,76,"Asia",0,0.002,0,0.014
"801","Thailand",73,2020-03-09,82,"Asia",0,0,0,0.014
"802","Thailand",71,2020-03-16,77,"Asia",0,0,0,0.014
"803","Thailand",80,2020-03-23,80,"Asia",0,0,0,0.014
"804","Thailand",89,2020-03-30,82,"Asia",2,0.016,0.029,0.129
"805","Thailand",86,2020-04-06,81,"Asia",3,0.035,0.043,0.372
"806","Thailand",90,2020-04-13,81,"Asia",2,0.029,0.029,0.572
"807","Thailand",90,2020-04-20,79,"Asia",0,0.014,0,0.672
"808","Thailand",88,2020-04-27,77,"Asia",1,0.01,0.014,0.743
"809","Thailand",87,2020-05-04,76,"Asia",0,0.004,0,0.772
"810","Thailand",86,2020-05-25,71,"Asia",1,0.002,0.014,0.815
"811","Thailand",84,2020-06-08,70,"Asia",0,0.002,0,0.829
"812","Thailand",84,2020-06-22,69,"Asia",0,0,0,0.829
"813","Thailand",83,2020-07-06,65,"Asia",0,0,0,0.829
"814","Thailand",88,2020-07-20,70,"Asia",0,0,0,0.829
"815","Thailand",84,2020-08-03,63,"Asia",0,0,0,0.829
"816","Thailand",83,2020-08-17,64,"Asia",0,0,0,0.829
"817","Thailand",77,2020-08-31,61,"Asia",0,0,0,0.829
"818","Thailand",76,2020-09-14,59,"Asia",0,0,0,0.829
"819","Thailand",78,2020-09-28,60,"Asia",0,0,0,0.843
"820","Thailand",81,2020-10-12,63,"Asia",0,0,0,0.843
"821","Thailand",82,2020-10-26,64,"Asia",0,0,0,0.843
"822","Thailand",82,2020-11-09,61,"Asia",0,0.002,0,0.858
"823","Thailand",86,2020-11-23,64,"Asia",0,0,0,0.858
"824","Thailand",83,2020-12-07,70,"Asia",0,0,0,0.858
"825","Thailand",84,2020-12-21,71,"Asia",0,0,0,0.858
"826","Thailand",85,2021-01-04,76,"Asia",0,0.008,0,0.929
"827","Thailand",87,2021-01-18,76,"Asia",0,0.006,0,1.001
"828","Thailand",86,2021-02-01,72,"Asia",2,0.008,0.029,1.129
"829","Thailand",83,2021-02-16,69,"Asia",0,0.006,0,1.172
"830","Thailand",83,2021-03-01,69,"Asia",0,0,0,1.187
"831","Thailand",81,2021-03-15,62,"Asia",0,0.004,0,1.244
"832","Thailand",82,2021-03-29,67,"Asia",0,0.006,0,1.344
"833","Thailand",84,2021-04-12,76,"Asia",0,0.004,0,1.387
"834","Thailand",86,2021-04-26,80,"Asia",8,0.09,0.114,2.116
"835","Thailand",87,2021-05-10,80,"Asia",22,0.296,0.315,6.019
"836","Thailand",85,2021-05-24,79,"Asia",30,0.392,0.429,11.522
"837","Thailand",85,2021-06-07,75,"Asia",33,0.486,0.472,18.141
"838","Thailand",84,2021-06-21,75,"Asia",29,0.392,0.415,23.702
"839","Thailand",87,2021-07-05,82,"Asia",50,0.698,0.715,32.537
"840","Thailand",84,2021-07-19,81,"Asia",81,1.289,1.158,48.92
"841","Thailand",85,2021-07-29,85,"Asia",165,1.767,2.359,65.217
"842","Thailand",84,2021-08-12,81,"Asia",147,2.612,2.101,99.241
"843","Thailand",84,2021-08-26,78,"Asia",229,3.529,3.274,147.446
"844","Thailand",87,2021-09-14,78,"Asia",136,2.733,1.944,209.018
"845","Thailand",84,2021-09-23,76,"Asia",131,1.901,1.873,227.074
"846","Thailand",84,2021-10-07,74,"Asia",0,1.411,0,249.003
"847","United Arab Emirates",44,2020-03-25,66,"Asia",0,0.029,0,0.2
"848","United Arab Emirates",63,2020-04-01,72,"Asia",2,0.086,0.2,0.801
"849","United Arab Emirates",54,2020-04-07,68,"Asia",1,0.086,0.1,1.201
"850","United Arab Emirates",79,2020-04-14,72,"Asia",3,0.229,0.3,2.802
"851","United Arab Emirates",80,2020-04-22,73,"Asia",6,0.272,0.601,5.205
"852","United Arab Emirates",78,2020-04-29,73,"Asia",9,0.658,0.901,9.809
"853","United Arab Emirates",80,2020-05-04,70,"Asia",11,0.786,1.101,13.712
"854","United Arab Emirates",81,2020-06-03,63,"Asia",1,0.214,0.1,27.024
"855","United Arab Emirates",79,2020-06-10,63,"Asia",1,0.2,0.1,28.425
"856","United Arab Emirates",80,2020-06-17,63,"Asia",2,0.157,0.2,29.526
"857","United Arab Emirates",79,2020-07-05,64,"Asia",2,0.143,0.2,32.329
"858","United Arab Emirates",81,2020-07-13,65,"Asia",1,0.143,0.1,33.43
"859","United Arab Emirates",80,2020-07-21,61,"Asia",1,0.086,0.1,34.13
"860","United Arab Emirates",79,2020-07-29,62,"Asia",0,0.071,0,34.731
"861","United Arab Emirates",77,2020-08-11,60,"Asia",1,0.1,0.1,35.832
"862","United Arab Emirates",75,2020-08-24,61,"Asia",1,0.172,0.1,37.634
"863","United Arab Emirates",76,2020-09-30,58,"Asia",3,0.186,0.3,41.937
"864","United Arab Emirates",78,2020-10-07,61,"Asia",1,0.243,0.1,43.639
"865","United Arab Emirates",77,2020-10-14,61,"Asia",2,0.2,0.2,45.04
"866","United Arab Emirates",76,2020-11-02,57,"Asia",1,0.243,0.1,49.744
"867","United Arab Emirates",76,2020-11-11,58,"Asia",2,0.214,0.2,52.046
"868","United Arab Emirates",78,2020-11-30,61,"Asia",2,0.257,0.2,57.251
"869","United Arab Emirates",79,2020-12-16,60,"Asia",4,0.4,0.4,62.656
"870","United Arab Emirates",75,2020-12-23,62,"Asia",3,0.272,0.3,64.558
"871","United Arab Emirates",77,2020-12-29,61,"Asia",2,0.286,0.2,66.259
"872","United Arab Emirates",78,2021-01-05,65,"Asia",3,0.329,0.3,68.561
"873","United Arab Emirates",74,2021-01-13,60,"Asia",6,0.486,0.601,72.365
"874","United Arab Emirates",73,2021-02-01,59,"Asia",9,0.872,0.901,85.977
"875","United Arab Emirates",74,2021-02-14,67,"Asia",13,1.33,1.301,101.49
"876","United Arab Emirates",74,2021-03-16,53,"Asia",4,0.872,0.4,140.725
"877","United Arab Emirates",75,2021-04-21,59,"Asia",2,0.286,0.2,156.239
"878","United Arab Emirates",75,2021-04-27,58,"Asia",5,0.272,0.5,157.941
"879","United Arab Emirates",68,2021-05-17,54,"Asia",2,0.257,0.2,163.446
"880","United Arab Emirates",74,2021-05-24,59,"Asia",3,0.3,0.3,165.548
"881","United Arab Emirates",71,2021-05-31,54,"Asia",3,0.372,0.3,168.15
"882","United Arab Emirates",70,2021-06-15,56,"Asia",4,0.429,0.4,173.555
"883","United Arab Emirates",69,2021-07-13,54,"Asia",6,0.472,0.601,187.767
"884","United Arab Emirates",73,2021-08-02,55,"Asia",5,0.415,0.5,195.775
"885","United Arab Emirates",68,2021-08-10,55,"Asia",4,0.315,0.4,198.377
"886","United Arab Emirates",68,2021-08-22,52,"Asia",2,0.272,0.2,202.18
"887","United Arab Emirates",70,2021-08-30,55,"Asia",1,0.214,0.1,204.082
"888","United Arab Emirates",69,2021-09-06,56,"Asia",2,0.129,0.2,204.983
"889","United Arab Emirates",68,2021-09-14,46,"Asia",2,0.229,0.2,206.784
"890","United Arab Emirates",70,2021-09-27,52,"Asia",4,0.243,0.4,209.587
"891","United Arab Emirates",69,2021-10-04,47,"Asia",1,0.129,0.1,210.488
"892","United Arab Emirates",68,2021-10-11,46,"Asia",1,0.157,0.1,211.589
"893","United Arab Emirates",66,2021-10-25,47,"Asia",1,0.157,0.1,213.29
"894","United Kingdom",1,2020-03-13,38,"Europe",1,0.019,0.015,0.147
"895","United Kingdom",2,2020-03-20,48,"Europe",32,0.39,0.469,2.874
"896","United Kingdom",6,2020-03-27,61,"Europe",288,2.048,4.222,17.212
"897","United Kingdom",7,2020-04-03,56,"Europe",737,7.016,10.805,66.327
"898","United Kingdom",10,2020-04-14,60,"Europe",1080,13.777,15.834,207.236
"899","United Kingdom",11,2020-04-17,56,"Europe",914,12.868,13.4,248.845
"900","United Kingdom",13,2020-04-24,54,"Europe",1018,12.357,14.925,335.346
"901","United Kingdom",13,2020-05-01,55,"Europe",700,9.595,10.263,402.509
"902","United Kingdom",18,2020-05-15,50,"Europe",351,5.125,5.146,490.008
"903","United Kingdom",20,2020-05-21,53,"Europe",273,4.352,4.003,515.327
"904","United Kingdom",21,2020-05-30,48,"Europe",154,3.785,2.258,549.312
"905","United Kingdom",21,2020-06-05,47,"Europe",258,2.497,3.783,564.531
"906","United Kingdom",27,2020-06-16,48,"Europe",120,1.37,1.759,580.585
"907","United Kingdom",31,2020-06-25,45,"Europe",99,1.003,1.451,590.202
"908","United Kingdom",36,2020-07-03,48,"Europe",49,0.697,0.718,596.213
"909","United Kingdom",38,2020-07-12,48,"Europe",9,0.446,0.132,600.084
"910","United Kingdom",57,2020-07-26,44,"Europe",8,0.243,0.117,603.984
"911","United Kingdom",69,2020-07-31,49,"Europe",20,0.212,0.293,605.127
"912","United Kingdom",75,2020-08-12,48,"Europe",20,0.186,0.293,607.18
"913","United Kingdom",74,2020-08-25,44,"Europe",16,0.145,0.235,608.954
"914","United Kingdom",71,2020-09-08,47,"Europe",32,0.174,0.469,611.007
"915","United Kingdom",76,2020-09-16,51,"Europe",20,0.189,0.293,612.443
"916","United Kingdom",76,2020-09-29,52,"Europe",72,0.519,1.056,618.147
"917","United Kingdom",76,2020-10-07,49,"Europe",70,0.779,1.026,624.642
"918","United Kingdom",74,2020-10-22,51,"Europe",189,2.208,2.771,651.501
"919","United Kingdom",75,2020-11-18,50,"Europe",529,6.097,7.756,782.44
"920","United Kingdom",74,2020-11-26,49,"Europe",498,6.824,7.301,837.567
"921","United Kingdom",76,2020-12-04,49,"Europe",504,6.422,7.389,890.142
"922","United Kingdom",77,2020-12-15,53,"Europe",506,6.024,7.419,953.068
"923","United Kingdom",70,2021-01-05,53,"Europe",881,9.955,12.917,1120.528
"924","United Kingdom",76,2021-01-19,52,"Europe",1612,17.386,23.634,1343.599
"925","United Kingdom",74,2021-01-29,56,"Europe",1248,17.606,18.297,1533.154
"926","United Kingdom",77,2021-02-11,51,"Europe",680,11.071,9.97,1697.008
"927","United Kingdom",74,2021-02-22,47,"Europe",178,7.05,2.61,1773.833
"928","United Kingdom",75,2021-03-09,45,"Europe",231,3.146,3.387,1833.123
"929","United Kingdom",71,2021-03-21,45,"Europe",34,1.34,0.498,1853.076
"930","United Kingdom",73,2021-04-09,40,"Europe",60,0.473,0.88,1866.14
"931","United Kingdom",73,2021-04-20,39,"Europe",33,0.394,0.484,1870.142
"932","United Kingdom",71,2021-05-07,33,"Europe",15,0.174,0.22,1874.555
"933","United Kingdom",74,2021-05-20,35,"Europe",7,0.107,0.103,1876.095
"934","United Kingdom",73,2021-06-02,38,"Europe",12,0.098,0.176,1877.473
"935","United Kingdom",71,2021-06-25,37,"Europe",18,0.23,0.264,1881.475
"936","United Kingdom",71,2021-07-16,42,"Europe",49,0.591,0.718,1890.023
"937","United Kingdom",69,2021-07-22,42,"Europe",84,0.842,1.232,1895.198
"938","United Kingdom",63,2021-07-30,41,"Europe",68,1.146,0.997,1904.156
"939","United Kingdom",65,2021-08-18,39,"Europe",111,1.374,1.627,1929.08
"940","United Kingdom",63,2021-08-29,41,"Europe",61,1.68,0.894,1946.425
"941","United Kingdom",61,2021-09-10,42,"Europe",147,1.986,2.155,1969.193
"942","United Kingdom",60,2021-09-24,42,"Europe",180,2.141,2.639,1998.853
"943","United Kingdom",57,2021-10-05,38,"Europe",166,1.671,2.434,2016.564
"944","United Kingdom",58,2021-10-15,41,"Europe",145,1.774,2.126,2034.861
"945","United States",7,2020-03-02,34,"North America",5,0.003,0.015,0.018
"946","United States",5,2020-03-17,41,"North America",37,0.045,0.111,0.403
"947","United States",11,2020-03-23,52,"North America",187,0.297,0.562,2.373
"948","United States",17,2020-03-30,60,"North America",707,1.498,2.124,12.856
"949","United States",29,2020-04-06,60,"North America",1733,4.395,5.206,43.624
"950","United States",49,2020-04-13,59,"North America",1978,6.494,5.941,89.083
"951","United States",58,2020-04-20,60,"North America",2245,6.661,6.743,135.707
"952","United States",63,2020-04-27,57,"North America",1480,6.072,4.446,178.214
"953","United States",68,2020-05-26,55,"North America",656,2.945,1.97,307.64
"954","United States",69,2020-06-01,54,"North America",771,2.868,2.316,325.744
"955","United States",66,2020-06-08,50,"North America",511,2.352,1.535,342.207
"956","United States",69,2020-06-15,55,"North America",401,2.102,1.205,356.923
"957","United States",71,2020-06-22,55,"North America",378,1.771,1.135,369.319
"958","United States",73,2020-07-06,58,"North America",371,1.574,1.114,391.914
"959","United States",78,2020-07-14,58,"North America",896,2.251,2.691,411.102
"960","United States",74,2020-07-20,58,"North America",529,2.413,1.589,425.304
"961","United States",77,2020-07-27,58,"North America",1100,3.048,3.304,446.642
"962","United States",75,2020-08-03,57,"North America",559,3.119,1.679,468.477
"963","United States",81,2020-08-10,63,"North America",517,3.137,1.553,490.437
"964","United States",77,2020-08-17,59,"North America",469,3.039,1.409,511.707
"965","United States",77,2020-08-25,59,"North America",1234,2.851,3.707,535.341
"966","United States",79,2020-09-01,57,"North America",1061,2.669,3.187,554.027
"967","United States",75,2020-09-08,55,"North America",468,2.193,1.406,569.376
"968","United States",77,2020-09-14,56,"North America",423,2.242,1.271,583.665
"969","United States",76,2020-09-21,58,"North America",413,2.307,1.241,599.817
"970","United States",78,2020-09-28,55,"North America",341,2.299,1.024,615.911
"971","United States",77,2020-10-06,60,"North America",701,2.114,2.106,633.42
"972","United States",79,2020-10-12,57,"North America",398,2.188,1.196,646.633
"973","United States",76,2020-10-19,57,"North America",490,2.29,1.472,662.664
"974","United States",78,2020-10-26,55,"North America",522,2.515,1.568,680.27
"975","United States",80,2020-11-02,57,"North America",557,2.619,1.673,698.602
"976","United States",81,2020-11-09,56,"North America",759,3.233,2.28,721.235
"977","United States",83,2020-11-16,59,"North America",814,3.535,2.445,745.98
"978","United States",81,2020-11-25,61,"North America",2253,5.215,6.767,793.449
"979","United States",80,2020-12-02,61,"North America",2830,5.174,8.501,829.668
"980","United States",79,2020-12-14,57,"North America",1649,7.712,4.953,916.492
"981","United States",79,2020-12-22,60,"North America",3298,8.472,9.906,984.768
"982","United States",77,2021-01-11,58,"North America",1836,9.844,5.515,1150.155
"983","United States",80,2021-01-20,57,"North America",4442,9.26,13.343,1240.229
"984","United States",79,2021-01-26,58,"North America",3982,10.094,11.961,1297.541
"985","United States",80,2021-02-03,58,"North America",3917,9.24,11.766,1374.624
"986","United States",80,2021-02-09,58,"North America",3065,8.67,9.207,1423.549
"987","United States",78,2021-02-17,53,"North America",2446,6.268,7.347,1477.662
"988","United States",74,2021-02-23,49,"North America",2276,6.104,6.837,1513.044
"989","United States",77,2021-03-01,53,"North America",1319,6.038,3.962,1548.476
"990","United States",74,2021-03-08,51,"North America",705,4.779,2.118,1581.926
"991","United States",74,2021-03-16,50,"North America",1261,3.462,3.788,1611.516
"992","United States",77,2021-03-22,51,"North America",533,3.119,1.601,1629.56
"993","United States",73,2021-03-31,48,"North America",1101,2.776,3.307,1656.443
"994","United States",74,2021-04-05,44,"North America",471,2.395,1.415,1667.122
"995","United States",72,2021-04-12,45,"North America",452,2.949,1.358,1687.764
"996","United States",69,2021-04-19,45,"North America",504,2.197,1.514,1703.143
"997","United States",72,2021-05-02,40,"North America",321,2.107,0.964,1731.412
"998","United States",70,2021-05-10,45,"North America",399,1.995,1.199,1746.797
"999","United States",67,2021-05-18,35,"North America",780,1.797,2.343,1761.476
"1000","United States",63,2021-05-24,46,"North America",438,1.671,1.316,1770.833
"1001","United States",64,2021-05-31,40,"North America",158,1.783,0.475,1783.317
"1002","United States",58,2021-06-07,38,"North America",313,1.478,0.94,1793.662
"1003","United States",57,2021-06-14,36,"North America",180,0.999,0.541,1800.654
"1004","United States",55,2021-06-22,33,"North America",351,0.933,1.054,1808.191
"1005","United States",49,2021-07-07,40,"North America",321,0.685,0.964,1819.815
"1006","United States",48,2021-07-12,37,"North America",239,0.762,0.718,1823.243
"1007","United States",48,2021-07-19,38,"North America",200,0.779,0.601,1828.695
"1008","United States",48,2021-07-26,41,"North America",265,0.844,0.796,1834.603
"1009","United States",55,2021-08-02,48,"North America",361,1.183,1.084,1842.884
"1010","United States",57,2021-08-09,46,"North America",506,1.563,1.52,1853.827
"1011","United States",58,2021-08-13,46,"North America",1056,1.965,3.172,1864.977
"1012","Vietnam",76,2020-08-03,80,"Asia",1,0.01,0.01,0.071
"1013","Vietnam",82,2020-08-17,85,"Asia",1,0.015,0.01,0.255
"1014","Vietnam",78,2020-08-31,83,"Asia",2,0.01,0.02,0.346
"1015","Vietnam",75,2020-09-14,81,"Asia",0,0,0,0.357
"1016","Vietnam",75,2020-09-28,80,"Asia",0,0,0,0.357
"1017","Vietnam",79,2020-10-12,78,"Asia",0,0,0,0.357
"1018","Vietnam",79,2020-10-26,79,"Asia",0,0,0,0.357
"1019","Vietnam",77,2020-11-09,78,"Asia",0,0,0,0.357
"1020","Vietnam",80,2020-11-23,82,"Asia",0,0,0,0.357
"1021","Vietnam",83,2020-12-07,85,"Asia",0,0,0,0.357
"1022","Vietnam",78,2020-12-21,82,"Asia",0,0,0,0.357
"1023","Vietnam",79,2021-01-04,83,"Asia",0,0,0,0.357
"1024","Vietnam",78,2021-01-18,82,"Asia",0,0,0,0.357
"1025","Vietnam",81,2021-02-01,85,"Asia",0,0,0,0.357
"1026","Vietnam",79,2021-02-15,84,"Asia",0,0,0,0.357
"1027","Vietnam",72,2021-03-01,81,"Asia",0,0,0,0.357
"1028","Vietnam",76,2021-03-15,83,"Asia",0,0,0,0.357
"1029","Vietnam",77,2021-03-29,80,"Asia",0,0,0,0.357
"1030","Vietnam",75,2021-04-13,83,"Asia",0,0,0,0.357
"1031","Vietnam",76,2021-04-26,82,"Asia",0,0,0,0.357
"1032","Vietnam",75,2021-05-10,87,"Asia",0,0,0,0.357
"1033","Vietnam",78,2021-05-24,86,"Asia",1,0.01,0.01,0.448
"1034","Vietnam",76,2021-06-07,84,"Asia",0,0.009,0,0.54
"1035","Vietnam",78,2021-06-21,87,"Asia",3,0.015,0.031,0.703
"1036","Vietnam",80,2021-07-05,88,"Asia",4,0.017,0.041,0.917
"1037","Vietnam",77,2021-07-19,85,"Asia",80,0.304,0.815,3.402
"1038","Vietnam",80,2021-07-29,88,"Asia",392,0.949,3.993,10.411
"1039","Vietnam",74,2021-08-12,90,"Asia",326,3.046,3.321,49.028
"1040","Vietnam",77,2021-08-26,89,"Asia",318,3.663,3.239,98.473
"1041","Vietnam",76,2021-09-13,86,"Asia",381,3.311,3.881,159.521
"1042","Vietnam",79,2021-09-27,84,"Asia",174,2.114,1.772,191.079
"1043","Vietnam",78,2021-10-11,87,"Asia",115,1.201,1.171,210.556
