"","time","mask","w","s","case","label_x","label_y","case_m"
"1",0,0,0.8,0.8,1,210,0.95,"TH"
"2",1,0,0.8,0.8,1,210,0.95,"TH"
"3",2,0,0.8,0.8,1,210,0.95,"TH"
"4",3,0,0.8,0.8,1,210,0.95,"TH"
"5",4,0,0.8,0.8,1,210,0.95,"TH"
"6",5,0,0.8,0.8,1,210,0.95,"TH"
"7",6,0,0.8,0.8,1,210,0.95,"TH"
"8",7,0,0.8,0.8,1,210,0.95,"TH"
"9",8,0,0.8,0.8,1,210,0.95,"TH"
"10",9,0,0.8,0.8,1,210,0.95,"TH"
"11",10,0,0.8,0.8,1,210,0.95,"TH"
"12",11,0,0.8,0.8,1,210,0.95,"TH"
"13",12,0,0.8,0.8,1,210,0.95,"TH"
"14",13,0,0.8,0.8,1,210,0.95,"TH"
"15",14,0,0.8,0.8,1,210,0.95,"TH"
"16",15,0,0.8,0.8,1,210,0.95,"TH"
"17",16,0,0.8,0.8,1,210,0.95,"TH"
"18",17,0,0.8,0.8,1,210,0.95,"TH"
"19",18,0,0.8,0.8,1,210,0.95,"TH"
"20",19,0,0.8,0.8,1,210,0.95,"TH"
"21",20,0,0.8,0.8,1,210,0.95,"TH"
"22",21,0,0.8,0.8,1,210,0.95,"TH"
"23",22,0,0.8,0.8,1,210,0.95,"TH"
"24",23,0,0.8,0.8,1,210,0.95,"TH"
"25",24,0,0.8,0.8,1,210,0.95,"TH"
"26",25,0,0.8,0.8,1,210,0.95,"TH"
"27",26,0,0.8,0.8,1,210,0.95,"TH"
"28",27,0,0.8,0.8,1,210,0.95,"TH"
"29",28,0,0.8,0.8,1,210,0.95,"TH"
"30",29,0,0.8,0.8,1,210,0.95,"TH"
"31",30,0,0.8,0.8,1,210,0.95,"TH"
"32",31,0,0.8,0.8,1,210,0.95,"TH"
"33",32,0,0.8,0.8,1,210,0.95,"TH"
"34",33,0,0.8,0.8,1,210,0.95,"TH"
"35",34,0,0.8,0.8,1,210,0.95,"TH"
"36",35,0,0.8,0.8,1,210,0.95,"TH"
"37",36,0,0.8,0.8,1,210,0.95,"TH"
"38",37,0,0.8,0.8,1,210,0.95,"TH"
"39",38,0,0.8,0.8,1,210,0.95,"TH"
"40",39,0,0.8,0.8,1,210,0.95,"TH"
"41",40,0,0.8,0.8,1,210,0.95,"TH"
"42",41,0,0.8,0.8,1,210,0.95,"TH"
"43",42,0,0.8,0.8,1,210,0.95,"TH"
"44",43,0,0.8,0.8,1,210,0.95,"TH"
"45",44,0,0.8,0.8,1,210,0.95,"TH"
"46",45,0,0.8,0.8,1,210,0.95,"TH"
"47",46,0,0.8,0.8,1,210,0.95,"TH"
"48",47,0,0.8,0.8,1,210,0.95,"TH"
"49",48,0,0.8,0.8,1,210,0.95,"TH"
"50",49,0,0.8,0.8,1,210,0.95,"TH"
"51",50,0,0.8,0.8,1,210,0.95,"TH"
"52",51,0,0.8,0.8,1,210,0.95,"TH"
"53",52,0,0.8,0.8,1,210,0.95,"TH"
"54",53,0,0.8,0.8,1,210,0.95,"TH"
"55",54,0,0.8,0.8,1,210,0.95,"TH"
"56",55,0,0.8,0.8,1,210,0.95,"TH"
"57",56,0,0.8,0.8,1,210,0.95,"TH"
"58",57,0,0.8,0.8,1,210,0.95,"TH"
"59",58,0,0.8,0.8,1,210,0.95,"TH"
"60",59,0,0.8,0.8,1,210,0.95,"TH"
"61",60,0,0.8,0.8,1,210,0.95,"TH"
"62",61,0,0.8,0.8,1,210,0.95,"TH"
"63",62,0,0.8,0.8,1,210,0.95,"TH"
"64",63,0,0.8,0.8,1,210,0.95,"TH"
"65",64,0,0.8,0.8,1,210,0.95,"TH"
"66",65,0,0.8,0.8,1,210,0.95,"TH"
"67",66,0,0.8,0.8,1,210,0.95,"TH"
"68",67,0,0.8,0.8,1,210,0.95,"TH"
"69",68,0,0.8,0.8,1,210,0.95,"TH"
"70",69,0,0.8,0.8,1,210,0.95,"TH"
"71",70,3e-05,0.8,0.8,1,210,0.95,"TH"
"72",71,5.1e-05,0.8,0.8,1,210,0.95,"TH"
"73",72,6.57e-05,0.8,0.8,1,210,0.95,"TH"
"74",73,7.599e-05,0.8,0.8,1,210,0.95,"TH"
"75",74,5.3193e-05,0.8,0.8,1,210,0.95,"TH"
"76",75,3.72351e-05,0.8,0.8,1,210,0.95,"TH"
"77",76,2.606457e-05,0.8,0.8,1,210,0.95,"TH"
"78",77,4.8245199e-05,0.8,0.8,1,210,0.95,"TH"
"79",78,3.37716393e-05,0.8,0.8,1,210,0.95,"TH"
"80",79,5.364014751e-05,0.8,0.8,1,210,0.95,"TH"
"81",80,0.000127548103257,0.8,0.8,1,210,0.95,"TH"
"82",81,8.92836722799e-05,0.8,0.8,1,210,0.95,"TH"
"83",82,0.00015249857059593,0.8,0.8,1,210,0.95,"TH"
"84",83,0.000226748999417151,0.8,0.8,1,210,0.95,"TH"
"85",84,0.000368724299592006,0.8,0.8,1,210,0.95,"TH"
"86",85,0.000348107009714404,0.8,0.8,1,210,0.95,"TH"
"87",86,0.000423674906800083,0.8,0.8,1,210,0.95,"TH"
"88",87,0.000566572434760058,0.8,0.8,1,210,0.95,"TH"
"89",88,0.000726600704332041,0.8,0.8,1,210,0.95,"TH"
"90",89,0.000838620493032428,0.8,0.8,1,210,0.95,"TH"
"91",90,0.0010670343451227,0.8,0.8,1,210,0.95,"TH"
"92",91,0.00119692404158589,0.8,0.8,1,210,0.95,"TH"
"93",92,0.00125784682911012,0.8,0.8,1,210,0.95,"TH"
"94",93,0.00127049278037709,0.8,0.8,1,210,0.95,"TH"
"95",94,0.00148934494626396,0.8,0.8,1,210,0.95,"TH"
"96",95,0.00185254146238477,0.8,0.8,1,210,0.95,"TH"
"97",96,0.00201677902366934,0.8,0.8,1,210,0.95,"TH"
"98",97,0.00222174531656854,0.8,0.8,1,210,0.95,"TH"
"99",98,0.00257522172159798,0.8,0.8,1,210,0.95,"TH"
"100",99,0.00309265520511858,0.8,0.8,1,210,0.95,"TH"
"101",100,0.00315485864358301,0.8,0.8,1,210,0.95,"TH"
"102",101,0.00508840105050811,0.8,0.8,1,210,0.95,"TH"
"103",102,0.00674188073535567,0.8,0.8,1,210,0.95,"TH"
"104",103,0.00807931651474897,0.8,0.8,1,210,0.95,"TH"
"105",104,0.00988552156032428,0.8,0.8,1,210,0.95,"TH"
"106",105,0.010579865092227,0.8,0.8,1,210,0.95,"TH"
"107",106,0.0120859055645589,0.8,0.8,1,210,0.95,"TH"
"108",107,0.0136501338951912,0.8,0.8,1,210,0.95,"TH"
"109",108,0.0149550937266339,0.8,0.8,1,210,0.95,"TH"
"110",109,0.0167085656086437,0.8,0.8,1,210,0.95,"TH"
"111",110,0.0182359959260506,0.8,0.8,1,210,0.95,"TH"
"112",111,0.0195151971482354,0.8,0.8,1,210,0.95,"TH"
"113",112,0.0221506380037648,0.8,0.8,1,210,0.95,"TH"
"114",113,0.0246854466026354,0.8,0.8,1,210,0.95,"TH"
"115",114,0.0281398126218447,0.8,0.8,1,210,0.95,"TH"
"116",115,0.0320278688352913,0.8,0.8,1,210,0.95,"TH"
"117",116,0.0353495081847039,0.8,0.8,1,210,0.95,"TH"
"118",117,0.0382746557292927,0.8,0.8,1,210,0.95,"TH"
"119",118,0.0419122590105049,0.8,0.8,1,210,0.95,"TH"
"120",119,0.0449685813073534,0.8,0.8,1,210,0.95,"TH"
"121",120,0.0489680069151474,0.8,0.8,1,210,0.95,"TH"
"122",121,0.0542576048406032,0.8,0.8,1,210,0.95,"TH"
"123",122,0.0588603233884222,0.8,0.8,1,210,0.95,"TH"
"124",123,0.0652022263718956,0.8,0.8,1,210,0.95,"TH"
"125",124,0.0691315584603269,0.8,0.8,1,210,0.95,"TH"
"126",125,0.0747020909222288,0.8,0.8,1,210,0.95,"TH"
"127",126,0.0820514636455602,0.8,0.8,1,210,0.95,"TH"
"128",127,0.0914560245518921,0.8,0.8,1,210,0.95,"TH"
"129",128,0.100649217186324,0.8,0.8,1,210,0.95,"TH"
"130",129,0.112694452030427,0.8,0.8,1,210,0.95,"TH"
"131",130,0.125236116421299,0.8,0.8,1,210,0.95,"TH"
"132",131,0.139505281494909,0.8,0.8,1,210,0.95,"TH"
"133",132,0.160803697046437,0.8,0.8,1,210,0.95,"TH"
"134",133,0.188312587932506,0.8,0.8,1,210,0.95,"TH"
"135",134,0.222568811552754,0.8,0.8,1,210,0.95,"TH"
"136",135,0.272858168086928,0.8,0.8,1,210,0.95,"TH"
"137",136,0.353840717660849,0.8,0.8,1,210,0.95,"TH"
"138",137,0.490598502362595,0.8,0.8,1,210,0.95,"TH"
"139",138,0.643358951653816,0.8,0.8,1,210,0.95,"TH"
"140",139,0.750351266157671,0.8,0.8,1,210,0.95,"TH"
"141",140,0.82524588631037,0.8,0.8,1,210,0.95,"TH"
"142",141,0.877672120417259,0.8,0.8,1,210,0.95,"TH"
"143",142,0.914370484292081,0.8,0.8,1,210,0.95,"TH"
"144",143,0.940059339004457,0.8,0.8,1,210,0.95,"TH"
"145",144,0.95804153730312,0.8,0.8,1,210,0.95,"TH"
"146",145,0.970629076112184,0.8,0.8,1,210,0.95,"TH"
"147",146,0.979440353278529,0.8,0.8,1,210,0.95,"TH"
"148",147,0.98560824729497,0.8,0.8,1,210,0.95,"TH"
"149",148,0.989925773106479,0.8,0.8,1,210,0.95,"TH"
"150",149,0.992948041174535,0.8,0.8,1,210,0.95,"TH"
"151",150,0.995063628822175,0.8,0.8,1,210,0.95,"TH"
"152",151,0.996544540175522,0.8,0.8,1,210,0.95,"TH"
"153",152,0.997581178122866,0.8,0.8,1,210,0.95,"TH"
"154",153,0.998306824686006,0.8,0.8,1,210,0.95,"TH"
"155",154,0.998814777280204,0.8,0.8,1,210,0.95,"TH"
"156",155,0.999170344096143,0.8,0.8,1,210,0.95,"TH"
"157",156,0.9994192408673,0.8,0.8,1,210,0.95,"TH"
"158",157,0.99959346860711,0.8,0.8,1,210,0.95,"TH"
"159",158,0.999715428024977,0.8,0.8,1,210,0.95,"TH"
"160",159,0.999800799617484,0.8,0.8,1,210,0.95,"TH"
"161",160,0.999860559732239,0.8,0.8,1,210,0.95,"TH"
"162",161,0.999902391812567,0.8,0.8,1,210,0.95,"TH"
"163",162,0.999931674268797,0.8,0.8,1,210,0.95,"TH"
"164",163,0.999952171988158,0.8,0.8,1,210,0.95,"TH"
"165",164,0.999966520391711,0.8,0.8,1,210,0.95,"TH"
"166",165,0.999976564274197,0.8,0.8,1,210,0.95,"TH"
"167",166,0.999983594991938,0.8,0.8,1,210,0.95,"TH"
"168",167,0.999988516494357,0.8,0.8,1,210,0.95,"TH"
"169",168,0.99999196154605,0.8,0.8,1,210,0.95,"TH"
"170",169,0.999994373082235,0.8,0.8,1,210,0.95,"TH"
"171",170,0.999996061157564,0.8,0.8,1,210,0.95,"TH"
"172",171,0.999997242810295,0.8,0.8,1,210,0.95,"TH"
"173",172,0.999998069967207,0.8,0.8,1,210,0.95,"TH"
"174",173,0.999998648977045,0.8,0.8,1,210,0.95,"TH"
"175",174,0.999999054283931,0.8,0.8,1,210,0.95,"TH"
"176",175,0.999999337998752,0.8,0.8,1,210,0.95,"TH"
"177",176,0.999999536599126,0.8,0.8,1,210,0.95,"TH"
"178",177,0.999999675619388,0.8,0.8,1,210,0.95,"TH"
"179",178,0.999999772933572,0.8,0.8,1,210,0.95,"TH"
"180",179,0.9999998410535,0.8,0.8,1,210,0.95,"TH"
"181",180,0.99999988873745,0.8,0.8,1,210,0.95,"TH"
"182",181,0.999999922116215,0.8,0.8,1,210,0.95,"TH"
"183",182,0.999999945481351,0.8,0.8,1,210,0.95,"TH"
"184",183,0.999999961836945,0.8,0.8,1,210,0.95,"TH"
"185",184,0.999999973285862,0.8,0.8,1,210,0.95,"TH"
"186",185,0.999999981300103,0.8,0.8,1,210,0.95,"TH"
"187",186,0.999999986910072,0.8,0.8,1,210,0.95,"TH"
"188",187,0.999999990837051,0.8,0.8,1,210,0.95,"TH"
"189",188,0.999999993585935,0.8,0.8,1,210,0.95,"TH"
"190",189,0.999999995510155,0.8,0.8,1,210,0.95,"TH"
"191",190,0.999999996857108,0.8,0.8,1,210,0.95,"TH"
"192",191,0.999999997799976,0.8,0.8,1,210,0.95,"TH"
"193",192,0.999999998459983,0.8,0.8,1,210,0.95,"TH"
"194",193,0.999999998921988,0.8,0.8,1,210,0.95,"TH"
"195",194,0.999999999245392,0.8,0.8,1,210,0.95,"TH"
"196",195,0.999999999471774,0.8,0.8,1,210,0.95,"TH"
"197",196,0.999999999630242,0.8,0.8,1,210,0.95,"TH"
"198",197,0.999999999741169,0.8,0.8,1,210,0.95,"TH"
"199",198,0.999999999818819,0.8,0.8,1,210,0.95,"TH"
"200",199,0.999999999873173,0.8,0.8,1,210,0.95,"TH"
"201",200,0.999999999911221,0.8,0.8,1,210,0.95,"TH"
"202",201,0.999999999937855,0.8,0.8,1,210,0.95,"TH"
"203",202,0.999999999956498,0.8,0.8,1,210,0.95,"TH"
"204",203,0.999999999969549,0.8,0.8,1,210,0.95,"TH"
"205",204,0.999999999978684,0.8,0.8,1,210,0.95,"TH"
"206",205,0.999999999985079,0.8,0.8,1,210,0.95,"TH"
"207",206,0.999999999989555,0.8,0.8,1,210,0.95,"TH"
"208",207,0.999999999992689,0.8,0.8,1,210,0.95,"TH"
"209",208,0.999999999994882,0.8,0.8,1,210,0.95,"TH"
"210",209,0.999999999996417,0.8,0.8,1,210,0.95,"TH"
"211",210,0.999999999997492,0.8,0.8,1,210,0.95,"TH"
"212",211,0.999999999998245,0.8,0.8,1,210,0.95,"TH"
"213",212,0.999999999998771,0.8,0.8,1,210,0.95,"TH"
"214",213,0.99999999999914,0.8,0.8,1,210,0.95,"TH"
"215",214,0.999999999999398,0.8,0.8,1,210,0.95,"TH"
"216",215,0.999999999999578,0.8,0.8,1,210,0.95,"TH"
"217",216,0.999999999999705,0.8,0.8,1,210,0.95,"TH"
"218",217,0.999999999999793,0.8,0.8,1,210,0.95,"TH"
"219",218,0.999999999999855,0.8,0.8,1,210,0.95,"TH"
"220",219,0.999999999999899,0.8,0.8,1,210,0.95,"TH"
"221",220,0.999999999999929,0.8,0.8,1,210,0.95,"TH"
"222",221,0.99999999999995,0.8,0.8,1,210,0.95,"TH"
"223",222,0.999999999999965,0.8,0.8,1,210,0.95,"TH"
"224",223,0.999999999999976,0.8,0.8,1,210,0.95,"TH"
"225",224,0.999999999999983,0.8,0.8,1,210,0.95,"TH"
"226",225,0.999999999999988,0.8,0.8,1,210,0.95,"TH"
"227",226,0.999999999999992,0.8,0.8,1,210,0.95,"TH"
"228",227,0.999999999999994,0.8,0.8,1,210,0.95,"TH"
"229",228,0.999999999999996,0.8,0.8,1,210,0.95,"TH"
"230",229,0.999999999999997,0.8,0.8,1,210,0.95,"TH"
"231",230,0.999999999999998,0.8,0.8,1,210,0.95,"TH"
"232",231,0.999999999999999,0.8,0.8,1,210,0.95,"TH"
"233",232,0.999999999999999,0.8,0.8,1,210,0.95,"TH"
"234",233,0.999999999999999,0.8,0.8,1,210,0.95,"TH"
"235",234,1,0.8,0.8,1,210,0.95,"TH"
"236",235,1,0.8,0.8,1,210,0.95,"TH"
"237",236,1,0.8,0.8,1,210,0.95,"TH"
"238",237,1,0.8,0.8,1,210,0.95,"TH"
"239",238,1,0.8,0.8,1,210,0.95,"TH"
"240",239,1,0.8,0.8,1,210,0.95,"TH"
"241",240,1,0.8,0.8,1,210,0.95,"TH"
"242",241,1,0.8,0.8,1,210,0.95,"TH"
"243",242,1,0.8,0.8,1,210,0.95,"TH"
"244",243,1,0.8,0.8,1,210,0.95,"TH"
"245",244,1,0.8,0.8,1,210,0.95,"TH"
"246",245,1,0.8,0.8,1,210,0.95,"TH"
"247",246,1,0.8,0.8,1,210,0.95,"TH"
"248",247,1,0.8,0.8,1,210,0.95,"TH"
"249",248,1,0.8,0.8,1,210,0.95,"TH"
"250",249,1,0.8,0.8,1,210,0.95,"TH"
"251",250,1,0.8,0.8,1,210,0.95,"TH"
"252",251,1,0.8,0.8,1,210,0.95,"TH"
"253",252,1,0.8,0.8,1,210,0.95,"TH"
"254",253,1,0.8,0.8,1,210,0.95,"TH"
"255",254,1,0.8,0.8,1,210,0.95,"TH"
"256",255,1,0.8,0.8,1,210,0.95,"TH"
"257",256,1,0.8,0.8,1,210,0.95,"TH"
"258",257,1,0.8,0.8,1,210,0.95,"TH"
"259",258,1,0.8,0.8,1,210,0.95,"TH"
"260",259,1,0.8,0.8,1,210,0.95,"TH"
"261",260,1,0.8,0.8,1,210,0.95,"TH"
"262",261,1,0.8,0.8,1,210,0.95,"TH"
"263",262,1,0.8,0.8,1,210,0.95,"TH"
"264",263,1,0.8,0.8,1,210,0.95,"TH"
"265",264,1,0.8,0.8,1,210,0.95,"TH"
"266",265,1,0.8,0.8,1,210,0.95,"TH"
"267",266,1,0.8,0.8,1,210,0.95,"TH"
"268",267,1,0.8,0.8,1,210,0.95,"TH"
"269",268,1,0.8,0.8,1,210,0.95,"TH"
"270",269,1,0.8,0.8,1,210,0.95,"TH"
"271",270,1,0.8,0.8,1,210,0.95,"TH"
"272",271,1,0.8,0.8,1,210,0.95,"TH"
"273",272,1,0.8,0.8,1,210,0.95,"TH"
"274",273,1,0.8,0.8,1,210,0.95,"TH"
"275",274,1,0.8,0.8,1,210,0.95,"TH"
"276",275,1,0.8,0.8,1,210,0.95,"TH"
"277",276,1,0.8,0.8,1,210,0.95,"TH"
"278",277,1,0.8,0.8,1,210,0.95,"TH"
"279",278,1,0.8,0.8,1,210,0.95,"TH"
"280",279,1,0.8,0.8,1,210,0.95,"TH"
"281",280,1,0.8,0.8,1,210,0.95,"TH"
"282",281,1,0.8,0.8,1,210,0.95,"TH"
"283",282,1,0.8,0.8,1,210,0.95,"TH"
"284",283,1,0.8,0.8,1,210,0.95,"TH"
"285",284,1,0.8,0.8,1,210,0.95,"TH"
"286",285,1,0.8,0.8,1,210,0.95,"TH"
"287",286,1,0.8,0.8,1,210,0.95,"TH"
"288",287,1,0.8,0.8,1,210,0.95,"TH"
"289",288,1,0.8,0.8,1,210,0.95,"TH"
"290",289,1,0.8,0.8,1,210,0.95,"TH"
"291",290,1,0.8,0.8,1,210,0.95,"TH"
"292",291,1,0.8,0.8,1,210,0.95,"TH"
"293",292,1,0.8,0.8,1,210,0.95,"TH"
"294",293,1,0.8,0.8,1,210,0.95,"TH"
"295",294,1,0.8,0.8,1,210,0.95,"TH"
"296",295,1,0.8,0.8,1,210,0.95,"TH"
"297",296,1,0.8,0.8,1,210,0.95,"TH"
"298",297,1,0.8,0.8,1,210,0.95,"TH"
"299",298,1,0.8,0.8,1,210,0.95,"TH"
"300",299,1,0.8,0.8,1,210,0.95,"TH"
"301",300,1,0.8,0.8,1,210,0.95,"TH"
"302",301,1,0.8,0.8,1,210,0.95,"TH"
"303",302,1,0.8,0.8,1,210,0.95,"TH"
"304",303,1,0.8,0.8,1,210,0.95,"TH"
"305",304,1,0.8,0.8,1,210,0.95,"TH"
"306",305,1,0.8,0.8,1,210,0.95,"TH"
"307",306,1,0.8,0.8,1,210,0.95,"TH"
"308",307,1,0.8,0.8,1,210,0.95,"TH"
"309",308,1,0.8,0.8,1,210,0.95,"TH"
"310",309,1,0.8,0.8,1,210,0.95,"TH"
"311",310,1,0.8,0.8,1,210,0.95,"TH"
"312",311,1,0.8,0.8,1,210,0.95,"TH"
"313",312,1,0.8,0.8,1,210,0.95,"TH"
"314",313,1,0.8,0.8,1,210,0.95,"TH"
"315",314,1,0.8,0.8,1,210,0.95,"TH"
"316",315,1,0.8,0.8,1,210,0.95,"TH"
"317",316,1,0.8,0.8,1,210,0.95,"TH"
"318",317,1,0.8,0.8,1,210,0.95,"TH"
"319",318,1,0.8,0.8,1,210,0.95,"TH"
"320",319,1,0.8,0.8,1,210,0.95,"TH"
"321",320,1,0.8,0.8,1,210,0.95,"TH"
"322",321,1,0.8,0.8,1,210,0.95,"TH"
"323",322,1,0.8,0.8,1,210,0.95,"TH"
"324",323,1,0.8,0.8,1,210,0.95,"TH"
"325",324,1,0.8,0.8,1,210,0.95,"TH"
"326",325,1,0.8,0.8,1,210,0.95,"TH"
"327",326,1,0.8,0.8,1,210,0.95,"TH"
"328",327,1,0.8,0.8,1,210,0.95,"TH"
"329",328,1,0.8,0.8,1,210,0.95,"TH"
"330",329,1,0.8,0.8,1,210,0.95,"TH"
"331",330,1,0.8,0.8,1,210,0.95,"TH"
"332",331,1,0.8,0.8,1,210,0.95,"TH"
"333",332,1,0.8,0.8,1,210,0.95,"TH"
"334",333,1,0.8,0.8,1,210,0.95,"TH"
"335",334,1,0.8,0.8,1,210,0.95,"TH"
"336",335,1,0.8,0.8,1,210,0.95,"TH"
"337",336,1,0.8,0.8,1,210,0.95,"TH"
"338",337,1,0.8,0.8,1,210,0.95,"TH"
"339",338,1,0.8,0.8,1,210,0.95,"TH"
"340",339,1,0.8,0.8,1,210,0.95,"TH"
"341",340,1,0.8,0.8,1,210,0.95,"TH"
"342",341,1,0.8,0.8,1,210,0.95,"TH"
"343",342,1,0.8,0.8,1,210,0.95,"TH"
"344",343,1,0.8,0.8,1,210,0.95,"TH"
"345",344,1,0.8,0.8,1,210,0.95,"TH"
"346",345,1,0.8,0.8,1,210,0.95,"TH"
"347",346,1,0.8,0.8,1,210,0.95,"TH"
"348",347,1,0.8,0.8,1,210,0.95,"TH"
"349",348,1,0.8,0.8,1,210,0.95,"TH"
"350",349,1,0.8,0.8,1,210,0.95,"TH"
"351",350,1,0.8,0.8,1,210,0.95,"TH"
"352",351,1,0.8,0.8,1,210,0.95,"TH"
"353",352,1,0.8,0.8,1,210,0.95,"TH"
"354",353,1,0.8,0.8,1,210,0.95,"TH"
"355",354,1,0.8,0.8,1,210,0.95,"TH"
"356",355,1,0.8,0.8,1,210,0.95,"TH"
"357",356,1,0.8,0.8,1,210,0.95,"TH"
"358",357,1,0.8,0.8,1,210,0.95,"TH"
"359",358,1,0.8,0.8,1,210,0.95,"TH"
"360",359,1,0.8,0.8,1,210,0.95,"TH"
"361",360,1,0.8,0.8,1,210,0.95,"TH"
"362",361,1,0.8,0.8,1,210,0.95,"TH"
"363",362,1,0.8,0.8,1,210,0.95,"TH"
"364",363,1,0.8,0.8,1,210,0.95,"TH"
"365",364,1,0.8,0.8,1,210,0.95,"TH"
"366",365,1,0.8,0.8,1,210,0.95,"TH"
"367",0,0,0.8,0.55,2,140,0.1,"TL"
"368",1,0,0.8,0.55,2,140,0.1,"TL"
"369",2,0,0.8,0.55,2,140,0.1,"TL"
"370",3,0,0.8,0.55,2,140,0.1,"TL"
"371",4,0,0.8,0.55,2,140,0.1,"TL"
"372",5,0,0.8,0.55,2,140,0.1,"TL"
"373",6,0,0.8,0.55,2,140,0.1,"TL"
"374",7,0,0.8,0.55,2,140,0.1,"TL"
"375",8,0,0.8,0.55,2,140,0.1,"TL"
"376",9,0,0.8,0.55,2,140,0.1,"TL"
"377",10,0,0.8,0.55,2,140,0.1,"TL"
"378",11,0,0.8,0.55,2,140,0.1,"TL"
"379",12,0,0.8,0.55,2,140,0.1,"TL"
"380",13,0,0.8,0.55,2,140,0.1,"TL"
"381",14,0,0.8,0.55,2,140,0.1,"TL"
"382",15,0,0.8,0.55,2,140,0.1,"TL"
"383",16,0,0.8,0.55,2,140,0.1,"TL"
"384",17,0,0.8,0.55,2,140,0.1,"TL"
"385",18,0,0.8,0.55,2,140,0.1,"TL"
"386",19,0,0.8,0.55,2,140,0.1,"TL"
"387",20,0,0.8,0.55,2,140,0.1,"TL"
"388",21,0,0.8,0.55,2,140,0.1,"TL"
"389",22,0,0.8,0.55,2,140,0.1,"TL"
"390",23,0,0.8,0.55,2,140,0.1,"TL"
"391",24,0,0.8,0.55,2,140,0.1,"TL"
"392",25,0,0.8,0.55,2,140,0.1,"TL"
"393",26,0,0.8,0.55,2,140,0.1,"TL"
"394",27,0,0.8,0.55,2,140,0.1,"TL"
"395",28,0,0.8,0.55,2,140,0.1,"TL"
"396",29,0,0.8,0.55,2,140,0.1,"TL"
"397",30,0,0.8,0.55,2,140,0.1,"TL"
"398",31,0,0.8,0.55,2,140,0.1,"TL"
"399",32,0,0.8,0.55,2,140,0.1,"TL"
"400",33,0,0.8,0.55,2,140,0.1,"TL"
"401",34,0,0.8,0.55,2,140,0.1,"TL"
"402",35,0,0.8,0.55,2,140,0.1,"TL"
"403",36,0,0.8,0.55,2,140,0.1,"TL"
"404",37,0,0.8,0.55,2,140,0.1,"TL"
"405",38,0,0.8,0.55,2,140,0.1,"TL"
"406",39,0,0.8,0.55,2,140,0.1,"TL"
"407",40,0,0.8,0.55,2,140,0.1,"TL"
"408",41,0,0.8,0.55,2,140,0.1,"TL"
"409",42,0,0.8,0.55,2,140,0.1,"TL"
"410",43,0,0.8,0.55,2,140,0.1,"TL"
"411",44,0,0.8,0.55,2,140,0.1,"TL"
"412",45,0,0.8,0.55,2,140,0.1,"TL"
"413",46,0,0.8,0.55,2,140,0.1,"TL"
"414",47,0,0.8,0.55,2,140,0.1,"TL"
"415",48,0,0.8,0.55,2,140,0.1,"TL"
"416",49,0,0.8,0.55,2,140,0.1,"TL"
"417",50,0,0.8,0.55,2,140,0.1,"TL"
"418",51,0,0.8,0.55,2,140,0.1,"TL"
"419",52,0,0.8,0.55,2,140,0.1,"TL"
"420",53,0,0.8,0.55,2,140,0.1,"TL"
"421",54,0,0.8,0.55,2,140,0.1,"TL"
"422",55,0,0.8,0.55,2,140,0.1,"TL"
"423",56,0,0.8,0.55,2,140,0.1,"TL"
"424",57,0,0.8,0.55,2,140,0.1,"TL"
"425",58,0,0.8,0.55,2,140,0.1,"TL"
"426",59,0,0.8,0.55,2,140,0.1,"TL"
"427",60,0,0.8,0.55,2,140,0.1,"TL"
"428",61,0,0.8,0.55,2,140,0.1,"TL"
"429",62,0,0.8,0.55,2,140,0.1,"TL"
"430",63,0,0.8,0.55,2,140,0.1,"TL"
"431",64,0,0.8,0.55,2,140,0.1,"TL"
"432",65,0,0.8,0.55,2,140,0.1,"TL"
"433",66,6e-05,0.8,0.55,2,140,0.1,"TL"
"434",67,4.2e-05,0.8,0.55,2,140,0.1,"TL"
"435",68,2.94e-05,0.8,0.55,2,140,0.1,"TL"
"436",69,2.058e-05,0.8,0.55,2,140,0.1,"TL"
"437",70,4.4406e-05,0.8,0.55,2,140,0.1,"TL"
"438",71,6.10842e-05,0.8,0.55,2,140,0.1,"TL"
"439",72,4.275894e-05,0.8,0.55,2,140,0.1,"TL"
"440",73,2.9931258e-05,0.8,0.55,2,140,0.1,"TL"
"441",74,5.09518806e-05,0.8,0.55,2,140,0.1,"TL"
"442",75,6.566631642e-05,0.8,0.55,2,140,0.1,"TL"
"443",76,7.5966421494e-05,0.8,0.55,2,140,0.1,"TL"
"444",77,0.0001131764950458,0.8,0.55,2,140,0.1,"TL"
"445",78,0.00010922354653206,0.8,0.55,2,140,0.1,"TL"
"446",79,0.000106456482572442,0.8,0.55,2,140,0.1,"TL"
"447",80,0.000104519537800709,0.8,0.55,2,140,0.1,"TL"
"448",81,0.000103163676460497,0.8,0.55,2,140,0.1,"TL"
"449",82,0.000132214573522348,0.8,0.55,2,140,0.1,"TL"
"450",83,0.000272550201465643,0.8,0.55,2,140,0.1,"TL"
"451",84,0.00040078514102595,0.8,0.55,2,140,0.1,"TL"
"452",85,0.000460549598718165,0.8,0.55,2,140,0.1,"TL"
"453",86,0.000472384719102716,0.8,0.55,2,140,0.1,"TL"
"454",87,0.000540669303371901,0.8,0.55,2,140,0.1,"TL"
"455",88,0.000558468512360331,0.8,0.55,2,140,0.1,"TL"
"456",89,0.000660927958652231,0.8,0.55,2,140,0.1,"TL"
"457",90,0.000912649571056562,0.8,0.55,2,140,0.1,"TL"
"458",91,0.00117885469973959,0.8,0.55,2,140,0.1,"TL"
"459",92,0.00118519828981772,0.8,0.55,2,140,0.1,"TL"
"460",93,0.0013696388028724,0.8,0.55,2,140,0.1,"TL"
"461",94,0.00152874716201068,0.8,0.55,2,140,0.1,"TL"
"462",95,0.00185012301340748,0.8,0.55,2,140,0.1,"TL"
"463",96,0.00210508610938523,0.8,0.55,2,140,0.1,"TL"
"464",97,0.00234356027656966,0.8,0.55,2,140,0.1,"TL"
"465",98,0.00236049219359876,0.8,0.55,2,140,0.1,"TL"
"466",99,0.00315234453551913,0.8,0.55,2,140,0.1,"TL"
"467",100,0.00358664117486339,0.8,0.55,2,140,0.1,"TL"
"468",101,0.00374064882240438,0.8,0.55,2,140,0.1,"TL"
"469",102,0.00423845417568306,0.8,0.55,2,140,0.1,"TL"
"470",103,0.00485691792297814,0.8,0.55,2,140,0.1,"TL"
"471",104,0.0057098425460847,0.8,0.55,2,140,0.1,"TL"
"472",105,0.00624688978225929,0.8,0.55,2,140,0.1,"TL"
"473",106,0.0066228228475815,0.8,0.55,2,140,0.1,"TL"
"474",107,0.00697597599330705,0.8,0.55,2,140,0.1,"TL"
"475",108,0.00809318319531494,0.8,0.55,2,140,0.1,"TL"
"476",109,0.00896522823672045,0.8,0.55,2,140,0.1,"TL"
"477",110,0.0102956597657043,0.8,0.55,2,140,0.1,"TL"
"478",111,0.011196961835993,0.8,0.55,2,140,0.1,"TL"
"479",112,0.0117678732851951,0.8,0.55,2,140,0.1,"TL"
"480",113,0.0126175112996366,0.8,0.55,2,140,0.1,"TL"
"481",114,0.0136022579097456,0.8,0.55,2,140,0.1,"TL"
"482",115,0.0146815805368219,0.8,0.55,2,140,0.1,"TL"
"483",116,0.0159771063757753,0.8,0.55,2,140,0.1,"TL"
"484",117,0.0167639744630427,0.8,0.55,2,140,0.1,"TL"
"485",118,0.0171647821241299,0.8,0.55,2,140,0.1,"TL"
"486",119,0.0175953474868909,0.8,0.55,2,140,0.1,"TL"
"487",120,0.0190967432408237,0.8,0.55,2,140,0.1,"TL"
"488",121,0.0208977202685766,0.8,0.55,2,140,0.1,"TL"
"489",122,0.0215584041880036,0.8,0.55,2,140,0.1,"TL"
"490",123,0.0222608829316025,0.8,0.55,2,140,0.1,"TL"
"491",124,0.0232926180521218,0.8,0.55,2,140,0.1,"TL"
"492",125,0.0234148326364852,0.8,0.55,2,140,0.1,"TL"
"493",126,0.0239803828455397,0.8,0.55,2,140,0.1,"TL"
"494",127,0.0256962679918778,0.8,0.55,2,140,0.1,"TL"
"495",128,0.0264773875943144,0.8,0.55,2,140,0.1,"TL"
"496",129,0.0265741713160201,0.8,0.55,2,140,0.1,"TL"
"497",130,0.0267319199212141,0.8,0.55,2,140,0.1,"TL"
"498",131,0.0283123439448499,0.8,0.55,2,140,0.1,"TL"
"499",132,0.0301386407613949,0.8,0.55,2,140,0.1,"TL"
"500",133,0.0300370485329764,0.8,0.55,2,140,0.1,"TL"
"501",134,0.0298159339730835,0.8,0.55,2,140,0.1,"TL"
"502",135,0.0312811537811584,0.8,0.55,2,140,0.1,"TL"
"503",136,0.0320668076468109,0.8,0.55,2,140,0.1,"TL"
"504",137,0.0327367653527676,0.8,0.55,2,140,0.1,"TL"
"505",138,0.0342857357469373,0.8,0.55,2,140,0.1,"TL"
"506",139,0.0346200150228561,0.8,0.55,2,140,0.1,"TL"
"507",140,0.0360840105159993,0.8,0.55,2,140,0.1,"TL"
"508",141,0.0371088073611995,0.8,0.55,2,140,0.1,"TL"
"509",142,0.0378561651528397,0.8,0.55,2,140,0.1,"TL"
"510",143,0.0375693156069878,0.8,0.55,2,140,0.1,"TL"
"511",144,0.0359885209248914,0.8,0.55,2,140,0.1,"TL"
"512",145,0.035871964647424,0.8,0.55,2,140,0.1,"TL"
"513",146,0.0363903752531968,0.8,0.55,2,140,0.1,"TL"
"514",147,0.0367832626772378,0.8,0.55,2,140,0.1,"TL"
"515",148,0.0356782838740664,0.8,0.55,2,140,0.1,"TL"
"516",149,0.0351147987118465,0.8,0.55,2,140,0.1,"TL"
"517",150,0.0347803590982926,0.8,0.55,2,140,0.1,"TL"
"518",151,0.0346062513688048,0.8,0.55,2,140,0.1,"TL"
"519",152,0.0337643759581633,0.8,0.55,2,140,0.1,"TL"
"520",153,0.0331750631707143,0.8,0.55,2,140,0.1,"TL"
"521",154,0.0335425442195,0.8,0.55,2,140,0.1,"TL"
"522",155,0.03265978095365,0.8,0.55,2,140,0.1,"TL"
"523",156,0.032311846667555,0.8,0.55,2,140,0.1,"TL"
"524",157,0.0320682926672885,0.8,0.55,2,140,0.1,"TL"
"525",158,0.031867804867102,0.8,0.55,2,140,0.1,"TL"
"526",159,0.0313674634069714,0.8,0.55,2,140,0.1,"TL"
"527",160,0.03068722438488,0.8,0.55,2,140,0.1,"TL"
"528",161,0.030211057069416,0.8,0.55,2,140,0.1,"TL"
"529",162,0.0296377399485912,0.8,0.55,2,140,0.1,"TL"
"530",163,0.0282464179640138,0.8,0.55,2,140,0.1,"TL"
"531",164,0.0277824925748097,0.8,0.55,2,140,0.1,"TL"
"532",165,0.0270977448023668,0.8,0.55,2,140,0.1,"TL"
"533",166,0.0256884213616567,0.8,0.55,2,140,0.1,"TL"
"534",167,0.0253918949531597,0.8,0.55,2,140,0.1,"TL"
"535",168,0.0246743264672118,0.8,0.55,2,140,0.1,"TL"
"536",169,0.0240220285270483,0.8,0.55,2,140,0.1,"TL"
"537",170,0.0227554199689338,0.8,0.55,2,140,0.1,"TL"
"538",171,0.0221387939782536,0.8,0.55,2,140,0.1,"TL"
"539",172,0.0214671557847776,0.8,0.55,2,140,0.1,"TL"
"540",173,0.0209070090493443,0.8,0.55,2,140,0.1,"TL"
"541",174,0.020064906334541,0.8,0.55,2,140,0.1,"TL"
"542",175,0.0196854344341787,0.8,0.55,2,140,0.1,"TL"
"543",176,0.0185198041039251,0.8,0.55,2,140,0.1,"TL"
"544",177,0.0176738628727476,0.8,0.55,2,140,0.1,"TL"
"545",178,0.0176217040109233,0.8,0.55,2,140,0.1,"TL"
"546",179,0.0164451928076463,0.8,0.55,2,140,0.1,"TL"
"547",180,0.0155016349653524,0.8,0.55,2,140,0.1,"TL"
"548",181,0.0145411444757467,0.8,0.55,2,140,0.1,"TL"
"549",182,0.0136588011330227,0.8,0.55,2,140,0.1,"TL"
"550",183,0.0127111607931159,0.8,0.55,2,140,0.1,"TL"
"551",184,0.0119278125551811,0.8,0.55,2,140,0.1,"TL"
"552",185,0.0114994687886268,0.8,0.55,2,140,0.1,"TL"
"553",186,0.0112296281520387,0.8,0.55,2,140,0.1,"TL"
"554",187,0.0104107397064271,0.8,0.55,2,140,0.1,"TL"
"555",188,0.00980751779449899,0.8,0.55,2,140,0.1,"TL"
"556",189,0.00905526245614929,0.8,0.55,2,140,0.1,"TL"
"557",190,0.0083486837193045,0.8,0.55,2,140,0.1,"TL"
"558",191,0.00716407860351315,0.8,0.55,2,140,0.1,"TL"
"559",192,0.00699485502245921,0.8,0.55,2,140,0.1,"TL"
"560",193,0.00657639851572144,0.8,0.55,2,140,0.1,"TL"
"561",194,0.00610347896100501,0.8,0.55,2,140,0.1,"TL"
"562",195,0.00556243527270351,0.8,0.55,2,140,0.1,"TL"
"563",196,0.00542370469089246,0.8,0.55,2,140,0.1,"TL"
"564",197,0.00484659328362472,0.8,0.55,2,140,0.1,"TL"
"565",198,0.0043826152985373,0.8,0.55,2,140,0.1,"TL"
"566",199,0.00414783070897611,0.8,0.55,2,140,0.1,"TL"
"567",200,0.00380348149628328,0.8,0.55,2,140,0.1,"TL"
"568",201,0.00341243704739829,0.8,0.55,2,140,0.1,"TL"
"569",202,0.00304870593317881,0.8,0.55,2,140,0.1,"TL"
"570",203,0.00264409415322516,0.8,0.55,2,140,0.1,"TL"
"571",204,0.00233086590725762,0.8,0.55,2,140,0.1,"TL"
"572",205,0.00223160613508033,0.8,0.55,2,140,0.1,"TL"
"573",206,0.00222212429455623,0.8,0.55,2,140,0.1,"TL"
"574",207,0.00197548700618936,0.8,0.55,2,140,0.1,"TL"
"575",208,0.00195284090433255,0.8,0.55,2,140,0.1,"TL"
"576",209,0.00178698863303279,0.8,0.55,2,140,0.1,"TL"
"577",210,0.00173089204312295,0.8,0.55,2,140,0.1,"TL"
"578",211,0.00175162443018607,0.8,0.55,2,140,0.1,"TL"
"579",212,0.00155613710113025,0.8,0.55,2,140,0.1,"TL"
"580",213,0.00147929597079117,0.8,0.55,2,140,0.1,"TL"
"581",214,0.00139550717955382,0.8,0.55,2,140,0.1,"TL"
"582",215,0.00118685502568767,0.8,0.55,2,140,0.1,"TL"
"583",216,0.00107079851798137,0.8,0.55,2,140,0.1,"TL"
"584",217,0.000869558962586961,0.8,0.55,2,140,0.1,"TL"
"585",218,0.00108869127381087,0.8,0.55,2,140,0.1,"TL"
"586",219,0.00100208389166761,0.8,0.55,2,140,0.1,"TL"
"587",220,0.000941458724167327,0.8,0.55,2,140,0.1,"TL"
"588",221,0.000749021106917129,0.8,0.55,2,140,0.1,"TL"
"589",222,0.00076431477484199,0.8,0.55,2,140,0.1,"TL"
"590",223,0.000715020342389393,0.8,0.55,2,140,0.1,"TL"
"591",224,0.000650514239672575,0.8,0.55,2,140,0.1,"TL"
"592",225,0.000545359967770803,0.8,0.55,2,140,0.1,"TL"
"593",226,0.000561751977439562,0.8,0.55,2,140,0.1,"TL"
"594",227,0.000483226384207693,0.8,0.55,2,140,0.1,"TL"
"595",228,0.000458258468945385,0.8,0.55,2,140,0.1,"TL"
"596",229,0.00041078092826177,0.8,0.55,2,140,0.1,"TL"
"597",230,0.000347546649783239,0.8,0.55,2,140,0.1,"TL"
"598",231,0.000393282654848267,0.8,0.55,2,140,0.1,"TL"
"599",232,0.000335297858393787,0.8,0.55,2,140,0.1,"TL"
"600",233,0.000354708500875651,0.8,0.55,2,140,0.1,"TL"
"601",234,0.000308295950612956,0.8,0.55,2,140,0.1,"TL"
"602",235,0.000215807165429069,0.8,0.55,2,140,0.1,"TL"
"603",236,0.000181065015800348,0.8,0.55,2,140,0.1,"TL"
"604",237,0.000216745511060244,0.8,0.55,2,140,0.1,"TL"
"605",238,0.000361721857742171,0.8,0.55,2,140,0.1,"TL"
"606",239,0.000283205300419519,0.8,0.55,2,140,0.1,"TL"
"607",240,0.000258243710293664,0.8,0.55,2,140,0.1,"TL"
"608",241,0.000240770597205565,0.8,0.55,2,140,0.1,"TL"
"609",242,0.000228539418043895,0.8,0.55,2,140,0.1,"TL"
"610",243,0.000249977592630727,0.8,0.55,2,140,0.1,"TL"
"611",244,0.000204984314841509,0.8,0.55,2,140,0.1,"TL"
"612",245,0.000143489020389056,0.8,0.55,2,140,0.1,"TL"
"613",246,0.000160442314272339,0.8,0.55,2,140,0.1,"TL"
"614",247,0.000112309619990637,0.8,0.55,2,140,0.1,"TL"
"615",248,0.000168616733993446,0.8,0.55,2,140,0.1,"TL"
"616",249,0.000178031713795412,0.8,0.55,2,140,0.1,"TL"
"617",250,0.000124622199656789,0.8,0.55,2,140,0.1,"TL"
"618",251,8.7235539759752e-05,0.8,0.55,2,140,0.1,"TL"
"619",252,9.10648778318264e-05,0.8,0.55,2,140,0.1,"TL"
"620",253,9.37454144822785e-05,0.8,0.55,2,140,0.1,"TL"
"621",254,6.56217901375949e-05,0.8,0.55,2,140,0.1,"TL"
"622",255,7.59352530963165e-05,0.8,0.55,2,140,0.1,"TL"
"623",256,8.31546771674215e-05,0.8,0.55,2,140,0.1,"TL"
"624",257,5.82082740171951e-05,0.8,0.55,2,140,0.1,"TL"
"625",258,7.07457918120366e-05,0.8,0.55,2,140,0.1,"TL"
"626",259,4.95220542684256e-05,0.8,0.55,2,140,0.1,"TL"
"627",260,6.46654379878979e-05,0.8,0.55,2,140,0.1,"TL"
"628",261,4.52658065915285e-05,0.8,0.55,2,140,0.1,"TL"
"629",262,6.168606461407e-05,0.8,0.55,2,140,0.1,"TL"
"630",263,7.3180245229849e-05,0.8,0.55,2,140,0.1,"TL"
"631",264,5.12261716608943e-05,0.8,0.55,2,140,0.1,"TL"
"632",265,9.5858320162626e-05,0.8,0.55,2,140,0.1,"TL"
"633",266,6.71008241138382e-05,0.8,0.55,2,140,0.1,"TL"
"634",267,4.69705768796867e-05,0.8,0.55,2,140,0.1,"TL"
"635",268,3.28794038157807e-05,0.8,0.55,2,140,0.1,"TL"
"636",269,5.30155826710465e-05,0.8,0.55,2,140,0.1,"TL"
"637",270,3.71109078697326e-05,0.8,0.55,2,140,0.1,"TL"
"638",271,2.59776355088128e-05,0.8,0.55,2,140,0.1,"TL"
"639",272,1.8184344856169e-05,0.8,0.55,2,140,0.1,"TL"
"640",273,4.27290413993183e-05,0.8,0.55,2,140,0.1,"TL"
"641",274,5.99103289795228e-05,0.8,0.55,2,140,0.1,"TL"
"642",275,4.1937230285666e-05,0.8,0.55,2,140,0.1,"TL"
"643",276,2.93560611999662e-05,0.8,0.55,2,140,0.1,"TL"
"644",277,5.05492428399763e-05,0.8,0.55,2,140,0.1,"TL"
"645",278,3.53844699879834e-05,0.8,0.55,2,140,0.1,"TL"
"646",279,2.47691289915884e-05,0.8,0.55,2,140,0.1,"TL"
"647",280,4.73383902941119e-05,0.8,0.55,2,140,0.1,"TL"
"648",281,3.31368732058783e-05,0.8,0.55,2,140,0.1,"TL"
"649",282,5.31958112441148e-05,0.8,0.55,2,140,0.1,"TL"
"650",283,3.72370678708804e-05,0.8,0.55,2,140,0.1,"TL"
"651",284,2.60659475096163e-05,0.8,0.55,2,140,0.1,"TL"
"652",285,1.82461632567314e-05,0.8,0.55,2,140,0.1,"TL"
"653",286,4.2772314279712e-05,0.8,0.55,2,140,0.1,"TL"
"654",287,2.99406199957984e-05,0.8,0.55,2,140,0.1,"TL"
"655",288,2.09584339970589e-05,0.8,0.55,2,140,0.1,"TL"
"656",289,1.46709037979412e-05,0.8,0.55,2,140,0.1,"TL"
"657",290,4.02696326585588e-05,0.8,0.55,2,140,0.1,"TL"
"658",291,2.81887428609912e-05,0.8,0.55,2,140,0.1,"TL"
"659",292,1.97321200026938e-05,0.8,0.55,2,140,0.1,"TL"
"660",293,1.38124840018857e-05,0.8,0.55,2,140,0.1,"TL"
"661",294,9.66873880131998e-06,0.8,0.55,2,140,0.1,"TL"
"662",295,6.76811716092399e-06,0.8,0.55,2,140,0.1,"TL"
"663",296,3.47376820126468e-05,0.8,0.55,2,140,0.1,"TL"
"664",297,2.43163774088528e-05,0.8,0.55,2,140,0.1,"TL"
"665",298,1.70214641861969e-05,0.8,0.55,2,140,0.1,"TL"
"666",299,1.19150249303379e-05,0.8,0.55,2,140,0.1,"TL"
"667",300,8.3405174512365e-06,0.8,0.55,2,140,0.1,"TL"
"668",301,5.83836221586555e-06,0.8,0.55,2,140,0.1,"TL"
"669",302,4.08685355110588e-06,0.8,0.55,2,140,0.1,"TL"
"670",303,2.86079748577412e-06,0.8,0.55,2,140,0.1,"TL"
"671",304,2.00255824004188e-06,0.8,0.55,2,140,0.1,"TL"
"672",305,3.14017907680293e-05,0.8,0.55,2,140,0.1,"TL"
"673",306,2.19812535376205e-05,0.8,0.55,2,140,0.1,"TL"
"674",307,1.53868774763344e-05,0.8,0.55,2,140,0.1,"TL"
"675",308,1.07708142334341e-05,0.8,0.55,2,140,0.1,"TL"
"676",309,7.53956996340384e-06,0.8,0.55,2,140,0.1,"TL"
"677",310,5.27769897438269e-06,0.8,0.55,2,140,0.1,"TL"
"678",311,3.69438928206788e-06,0.8,0.55,2,140,0.1,"TL"
"679",312,2.58607249744752e-06,0.8,0.55,2,140,0.1,"TL"
"680",313,1.81025074821326e-06,0.8,0.55,2,140,0.1,"TL"
"681",314,3.12671755237493e-05,0.8,0.55,2,140,0.1,"TL"
"682",315,2.18870228666245e-05,0.8,0.55,2,140,0.1,"TL"
"683",316,1.53209160066372e-05,0.8,0.55,2,140,0.1,"TL"
"684",317,1.0724641204646e-05,0.8,0.55,2,140,0.1,"TL"
"685",318,7.50724884325221e-06,0.8,0.55,2,140,0.1,"TL"
"686",319,3.52550741902765e-05,0.8,0.55,2,140,0.1,"TL"
"687",320,5.46785519331936e-05,0.8,0.55,2,140,0.1,"TL"
"688",321,3.82749863532355e-05,0.8,0.55,2,140,0.1,"TL"
"689",322,2.67924904472649e-05,0.8,0.55,2,140,0.1,"TL"
"690",323,1.87547433130854e-05,0.8,0.55,2,140,0.1,"TL"
"691",324,4.31283203191598e-05,0.8,0.55,2,140,0.1,"TL"
"692",325,3.01898242234118e-05,0.8,0.55,2,140,0.1,"TL"
"693",326,2.11328769563883e-05,0.8,0.55,2,140,0.1,"TL"
"694",327,1.47930138694718e-05,0.8,0.55,2,140,0.1,"TL"
"695",328,4.03551097086303e-05,0.8,0.55,2,140,0.1,"TL"
"696",329,2.82485767960412e-05,0.8,0.55,2,140,0.1,"TL"
"697",330,1.97740037572288e-05,0.8,0.55,2,140,0.1,"TL"
"698",331,1.38418026300602e-05,0.8,0.55,2,140,0.1,"TL"
"699",332,9.68926184104213e-06,0.8,0.55,2,140,0.1,"TL"
"700",333,3.67824832887295e-05,0.8,0.55,2,140,0.1,"TL"
"701",334,2.57477383021106e-05,0.8,0.55,2,140,0.1,"TL"
"702",335,1.80234168114774e-05,0.8,0.55,2,140,0.1,"TL"
"703",336,1.26163917680342e-05,0.8,0.55,2,140,0.1,"TL"
"704",337,8.83147423762395e-06,0.8,0.55,2,140,0.1,"TL"
"705",338,6.18203196633677e-06,0.8,0.55,2,140,0.1,"TL"
"706",339,4.32742237643574e-06,0.8,0.55,2,140,0.1,"TL"
"707",340,3.02919566350502e-06,0.8,0.55,2,140,0.1,"TL"
"708",341,2.12043696445351e-06,0.8,0.55,2,140,0.1,"TL"
"709",342,1.48430587511746e-06,0.8,0.55,2,140,0.1,"TL"
"710",343,3.10390141125822e-05,0.8,0.55,2,140,0.1,"TL"
"711",344,2.17273098788076e-05,0.8,0.55,2,140,0.1,"TL"
"712",345,1.52091169151653e-05,0.8,0.55,2,140,0.1,"TL"
"713",346,1.06463818406157e-05,0.8,0.55,2,140,0.1,"TL"
"714",347,3.7452467288431e-05,0.8,0.55,2,140,0.1,"TL"
"715",348,2.62167271019017e-05,0.8,0.55,2,140,0.1,"TL"
"716",349,1.83517089713312e-05,0.8,0.55,2,140,0.1,"TL"
"717",350,1.28461962799318e-05,0.8,0.55,2,140,0.1,"TL"
"718",351,8.99233739595228e-06,0.8,0.55,2,140,0.1,"TL"
"719",352,6.2946361771666e-06,0.8,0.55,2,140,0.1,"TL"
"720",353,4.40624532401662e-06,0.8,0.55,2,140,0.1,"TL"
"721",354,3.08437172681163e-06,0.8,0.55,2,140,0.1,"TL"
"722",355,2.15906020876814e-06,0.8,0.55,2,140,0.1,"TL"
"723",356,1.5113421461377e-06,0.8,0.55,2,140,0.1,"TL"
"724",357,1.05793950229639e-06,0.8,0.55,2,140,0.1,"TL"
"725",358,7.40557651607473e-07,0.8,0.55,2,140,0.1,"TL"
"726",359,5.18390356125231e-07,0.8,0.55,2,140,0.1,"TL"
"727",360,3.62873249287662e-07,0.8,0.55,2,140,0.1,"TL"
"728",361,2.54011274501363e-07,0.8,0.55,2,140,0.1,"TL"
"729",362,1.77807892150954e-07,0.8,0.55,2,140,0.1,"TL"
"730",363,1.24465524505668e-07,0.8,0.55,2,140,0.1,"TL"
"731",364,8.71258671539676e-08,0.8,0.55,2,140,0.1,"TL"
"732",365,3.00609881070078e-05,0.8,0.55,2,140,0.1,"TL"
"733",0,0,0.1,0.8,3,205,0.75,"LH"
"734",1,0,0.1,0.8,3,205,0.75,"LH"
"735",2,0,0.1,0.8,3,205,0.75,"LH"
"736",3,0,0.1,0.8,3,205,0.75,"LH"
"737",4,0,0.1,0.8,3,205,0.75,"LH"
"738",5,0,0.1,0.8,3,205,0.75,"LH"
"739",6,0,0.1,0.8,3,205,0.75,"LH"
"740",7,0,0.1,0.8,3,205,0.75,"LH"
"741",8,0,0.1,0.8,3,205,0.75,"LH"
"742",9,0,0.1,0.8,3,205,0.75,"LH"
"743",10,0,0.1,0.8,3,205,0.75,"LH"
"744",11,0,0.1,0.8,3,205,0.75,"LH"
"745",12,0,0.1,0.8,3,205,0.75,"LH"
"746",13,0,0.1,0.8,3,205,0.75,"LH"
"747",14,0,0.1,0.8,3,205,0.75,"LH"
"748",15,0,0.1,0.8,3,205,0.75,"LH"
"749",16,0,0.1,0.8,3,205,0.75,"LH"
"750",17,0,0.1,0.8,3,205,0.75,"LH"
"751",18,0,0.1,0.8,3,205,0.75,"LH"
"752",19,0,0.1,0.8,3,205,0.75,"LH"
"753",20,0,0.1,0.8,3,205,0.75,"LH"
"754",21,0,0.1,0.8,3,205,0.75,"LH"
"755",22,0,0.1,0.8,3,205,0.75,"LH"
"756",23,0,0.1,0.8,3,205,0.75,"LH"
"757",24,0,0.1,0.8,3,205,0.75,"LH"
"758",25,0,0.1,0.8,3,205,0.75,"LH"
"759",26,0,0.1,0.8,3,205,0.75,"LH"
"760",27,0,0.1,0.8,3,205,0.75,"LH"
"761",28,0,0.1,0.8,3,205,0.75,"LH"
"762",29,0,0.1,0.8,3,205,0.75,"LH"
"763",30,0,0.1,0.8,3,205,0.75,"LH"
"764",31,0,0.1,0.8,3,205,0.75,"LH"
"765",32,0,0.1,0.8,3,205,0.75,"LH"
"766",33,0,0.1,0.8,3,205,0.75,"LH"
"767",34,0,0.1,0.8,3,205,0.75,"LH"
"768",35,0,0.1,0.8,3,205,0.75,"LH"
"769",36,0,0.1,0.8,3,205,0.75,"LH"
"770",37,0,0.1,0.8,3,205,0.75,"LH"
"771",38,0,0.1,0.8,3,205,0.75,"LH"
"772",39,0,0.1,0.8,3,205,0.75,"LH"
"773",40,0,0.1,0.8,3,205,0.75,"LH"
"774",41,0,0.1,0.8,3,205,0.75,"LH"
"775",42,0,0.1,0.8,3,205,0.75,"LH"
"776",43,0,0.1,0.8,3,205,0.75,"LH"
"777",44,0,0.1,0.8,3,205,0.75,"LH"
"778",45,0,0.1,0.8,3,205,0.75,"LH"
"779",46,0,0.1,0.8,3,205,0.75,"LH"
"780",47,0,0.1,0.8,3,205,0.75,"LH"
"781",48,0,0.1,0.8,3,205,0.75,"LH"
"782",49,0,0.1,0.8,3,205,0.75,"LH"
"783",50,0,0.1,0.8,3,205,0.75,"LH"
"784",51,0,0.1,0.8,3,205,0.75,"LH"
"785",52,0,0.1,0.8,3,205,0.75,"LH"
"786",53,0,0.1,0.8,3,205,0.75,"LH"
"787",54,0,0.1,0.8,3,205,0.75,"LH"
"788",55,0,0.1,0.8,3,205,0.75,"LH"
"789",56,0,0.1,0.8,3,205,0.75,"LH"
"790",57,0,0.1,0.8,3,205,0.75,"LH"
"791",58,0,0.1,0.8,3,205,0.75,"LH"
"792",59,0,0.1,0.8,3,205,0.75,"LH"
"793",60,0,0.1,0.8,3,205,0.75,"LH"
"794",61,0,0.1,0.8,3,205,0.75,"LH"
"795",62,0,0.1,0.8,3,205,0.75,"LH"
"796",63,0,0.1,0.8,3,205,0.75,"LH"
"797",64,0,0.1,0.8,3,205,0.75,"LH"
"798",65,0,0.1,0.8,3,205,0.75,"LH"
"799",66,0,0.1,0.8,3,205,0.75,"LH"
"800",67,0,0.1,0.8,3,205,0.75,"LH"
"801",68,0,0.1,0.8,3,205,0.75,"LH"
"802",69,6e-05,0.1,0.8,3,205,0.75,"LH"
"803",70,0.000102,0.1,0.8,3,205,0.75,"LH"
"804",71,7.14e-05,0.1,0.8,3,205,0.75,"LH"
"805",72,4.998e-05,0.1,0.8,3,205,0.75,"LH"
"806",73,9.4986e-05,0.1,0.8,3,205,0.75,"LH"
"807",74,6.64902e-05,0.1,0.8,3,205,0.75,"LH"
"808",75,7.654314e-05,0.1,0.8,3,205,0.75,"LH"
"809",76,0.000143580198,0.1,0.8,3,205,0.75,"LH"
"810",77,0.0002205061386,0.1,0.8,3,205,0.75,"LH"
"811",78,0.00030435429702,0.1,0.8,3,205,0.75,"LH"
"812",79,0.000333048007914,0.1,0.8,3,205,0.75,"LH"
"813",80,0.0004131336055398,0.1,0.8,3,205,0.75,"LH"
"814",81,0.00034919352387786,0.1,0.8,3,205,0.75,"LH"
"815",82,0.000304435466714502,0.1,0.8,3,205,0.75,"LH"
"816",83,0.000453104826700151,0.1,0.8,3,205,0.75,"LH"
"817",84,0.000677173378690106,0.1,0.8,3,205,0.75,"LH"
"818",85,0.000744021365083074,0.1,0.8,3,205,0.75,"LH"
"819",86,0.000730814955558152,0.1,0.8,3,205,0.75,"LH"
"820",87,0.000811570468890706,0.1,0.8,3,205,0.75,"LH"
"821",88,0.00125809932822349,0.1,0.8,3,205,0.75,"LH"
"822",89,0.00139066952975645,0.1,0.8,3,205,0.75,"LH"
"823",90,0.00148346867082951,0.1,0.8,3,205,0.75,"LH"
"824",91,0.00175842806958066,0.1,0.8,3,205,0.75,"LH"
"825",92,0.00195089964870646,0.1,0.8,3,205,0.75,"LH"
"826",93,0.00220562975409452,0.1,0.8,3,205,0.75,"LH"
"827",94,0.00277394082786617,0.1,0.8,3,205,0.75,"LH"
"828",95,0.00308175857950632,0.1,0.8,3,205,0.75,"LH"
"829",96,0.00389723100565442,0.1,0.8,3,205,0.75,"LH"
"830",97,0.0044380617039581,0.1,0.8,3,205,0.75,"LH"
"831",98,0.00559664319277067,0.1,0.8,3,205,0.75,"LH"
"832",99,0.00652765023493947,0.1,0.8,3,205,0.75,"LH"
"833",100,0.00723935516445763,0.1,0.8,3,205,0.75,"LH"
"834",101,0.00839754861512034,0.1,0.8,3,205,0.75,"LH"
"835",102,0.00965828403058424,0.1,0.8,3,205,0.75,"LH"
"836",103,0.011980798821409,0.1,0.8,3,205,0.75,"LH"
"837",104,0.0147465591749863,0.1,0.8,3,205,0.75,"LH"
"838",105,0.0171025914224904,0.1,0.8,3,205,0.75,"LH"
"839",106,0.0200418139957433,0.1,0.8,3,205,0.75,"LH"
"840",107,0.0232092697970203,0.1,0.8,3,205,0.75,"LH"
"841",108,0.0259064888579142,0.1,0.8,3,205,0.75,"LH"
"842",109,0.0281845422005399,0.1,0.8,3,205,0.75,"LH"
"843",110,0.034399179540378,0.1,0.8,3,205,0.75,"LH"
"844",111,0.0377894256782646,0.1,0.8,3,205,0.75,"LH"
"845",112,0.0426825979747852,0.1,0.8,3,205,0.75,"LH"
"846",113,0.0491678185823496,0.1,0.8,3,205,0.75,"LH"
"847",114,0.0554174730076447,0.1,0.8,3,205,0.75,"LH"
"848",115,0.0619222311053513,0.1,0.8,3,205,0.75,"LH"
"849",116,0.0695055617737459,0.1,0.8,3,205,0.75,"LH"
"850",117,0.0788938932416221,0.1,0.8,3,205,0.75,"LH"
"851",118,0.0905957252691355,0.1,0.8,3,205,0.75,"LH"
"852",119,0.100827007688395,0.1,0.8,3,205,0.75,"LH"
"853",120,0.113388905381876,0.1,0.8,3,205,0.75,"LH"
"854",121,0.127912233767313,0.1,0.8,3,205,0.75,"LH"
"855",122,0.143568563637119,0.1,0.8,3,205,0.75,"LH"
"856",123,0.160257994545984,0.1,0.8,3,205,0.75,"LH"
"857",124,0.177910596182189,0.1,0.8,3,205,0.75,"LH"
"858",125,0.198337417327532,0.1,0.8,3,205,0.75,"LH"
"859",126,0.220706192129272,0.1,0.8,3,205,0.75,"LH"
"860",127,0.244314334490491,0.1,0.8,3,205,0.75,"LH"
"861",128,0.272900034143343,0.1,0.8,3,205,0.75,"LH"
"862",129,0.30479002390034,0.1,0.8,3,205,0.75,"LH"
"863",130,0.339443016730238,0.1,0.8,3,205,0.75,"LH"
"864",131,0.374680111711167,0.1,0.8,3,205,0.75,"LH"
"865",132,0.411016078197817,0.1,0.8,3,205,0.75,"LH"
"866",133,0.455711254738472,0.1,0.8,3,205,0.75,"LH"
"867",134,0.50064787831693,0.1,0.8,3,205,0.75,"LH"
"868",135,0.547493514821851,0.1,0.8,3,205,0.75,"LH"
"869",136,0.599155460375296,0.1,0.8,3,205,0.75,"LH"
"870",137,0.654878822262707,0.1,0.8,3,205,0.75,"LH"
"871",138,0.711495175583895,0.1,0.8,3,205,0.75,"LH"
"872",139,0.769276622908726,0.1,0.8,3,205,0.75,"LH"
"873",140,0.822953636036108,0.1,0.8,3,205,0.75,"LH"
"874",141,0.868117545225276,0.1,0.8,3,205,0.75,"LH"
"875",142,0.903602281657693,0.1,0.8,3,205,0.75,"LH"
"876",143,0.930421597160385,0.1,0.8,3,205,0.75,"LH"
"877",144,0.94976511801227,0.1,0.8,3,205,0.75,"LH"
"878",145,0.963995582608589,0.1,0.8,3,205,0.75,"LH"
"879",146,0.973956907826012,0.1,0.8,3,205,0.75,"LH"
"880",147,0.981049835478208,0.1,0.8,3,205,0.75,"LH"
"881",148,0.986134884834746,0.1,0.8,3,205,0.75,"LH"
"882",149,0.989334419384322,0.1,0.8,3,205,0.75,"LH"
"883",150,0.991694093569025,0.1,0.8,3,205,0.75,"LH"
"884",151,0.992955865498318,0.1,0.8,3,205,0.75,"LH"
"885",152,0.993809105848823,0.1,0.8,3,205,0.75,"LH"
"886",153,0.994256374094176,0.1,0.8,3,205,0.75,"LH"
"887",154,0.994389461865923,0.1,0.8,3,205,0.75,"LH"
"888",155,0.994122623306146,0.1,0.8,3,205,0.75,"LH"
"889",156,0.993305836314302,0.1,0.8,3,205,0.75,"LH"
"890",157,0.992674085420012,0.1,0.8,3,205,0.75,"LH"
"891",158,0.992261859794008,0.1,0.8,3,205,0.75,"LH"
"892",159,0.991763301855806,0.1,0.8,3,205,0.75,"LH"
"893",160,0.990544311299064,0.1,0.8,3,205,0.75,"LH"
"894",161,0.988551017909345,0.1,0.8,3,205,0.75,"LH"
"895",162,0.987185712536541,0.1,0.8,3,205,0.75,"LH"
"896",163,0.986049998775579,0.1,0.8,3,205,0.75,"LH"
"897",164,0.984654999142905,0.1,0.8,3,205,0.75,"LH"
"898",165,0.982478499400034,0.1,0.8,3,205,0.75,"LH"
"899",166,0.980324949580024,0.1,0.8,3,205,0.75,"LH"
"900",167,0.978187464706016,0.1,0.8,3,205,0.75,"LH"
"901",168,0.975551225294212,0.1,0.8,3,205,0.75,"LH"
"902",169,0.973165857705948,0.1,0.8,3,205,0.75,"LH"
"903",170,0.969966100394164,0.1,0.8,3,205,0.75,"LH"
"904",171,0.966916270275915,0.1,0.8,3,205,0.75,"LH"
"905",172,0.96298138919314,0.1,0.8,3,205,0.75,"LH"
"906",173,0.958726972435198,0.1,0.8,3,205,0.75,"LH"
"907",174,0.954278880704639,0.1,0.8,3,205,0.75,"LH"
"908",175,0.950475216493247,0.1,0.8,3,205,0.75,"LH"
"909",176,0.946402651545273,0.1,0.8,3,205,0.75,"LH"
"910",177,0.941631856081691,0.1,0.8,3,205,0.75,"LH"
"911",178,0.935772299257184,0.1,0.8,3,205,0.75,"LH"
"912",179,0.928970609480029,0.1,0.8,3,205,0.75,"LH"
"913",180,0.92183942663602,0.1,0.8,3,205,0.75,"LH"
"914",181,0.912497598645214,0.1,0.8,3,205,0.75,"LH"
"915",182,0.90169831905165,0.1,0.8,3,205,0.75,"LH"
"916",183,0.887958823336155,0.1,0.8,3,205,0.75,"LH"
"917",184,0.869191176335309,0.1,0.8,3,205,0.75,"LH"
"918",185,0.843633823434716,0.1,0.8,3,205,0.75,"LH"
"919",186,0.803903676404301,0.1,0.8,3,205,0.75,"LH"
"920",187,0.732142573483011,0.1,0.8,3,205,0.75,"LH"
"921",188,0.594609801438108,0.1,0.8,3,205,0.75,"LH"
"922",189,0.430296861006675,0.1,0.8,3,205,0.75,"LH"
"923",190,0.308527802704673,0.1,0.8,3,205,0.75,"LH"
"924",191,0.221879461893271,0.1,0.8,3,205,0.75,"LH"
"925",192,0.16038562332529,0.1,0.8,3,205,0.75,"LH"
"926",193,0.116949936327703,0.1,0.8,3,205,0.75,"LH"
"927",194,0.0852849554293919,0.1,0.8,3,205,0.75,"LH"
"928",195,0.0632994688005744,0.1,0.8,3,205,0.75,"LH"
"929",196,0.0473996281604021,0.1,0.8,3,205,0.75,"LH"
"930",197,0.0359397397122814,0.1,0.8,3,205,0.75,"LH"
"931",198,0.027797817798597,0.1,0.8,3,205,0.75,"LH"
"932",199,0.0221584724590179,0.1,0.8,3,205,0.75,"LH"
"933",200,0.0175209307213125,0.1,0.8,3,205,0.75,"LH"
"934",201,0.0142146515049188,0.1,0.8,3,205,0.75,"LH"
"935",202,0.0115102560534431,0.1,0.8,3,205,0.75,"LH"
"936",203,0.0090171792374102,0.1,0.8,3,205,0.75,"LH"
"937",204,0.00766202546618714,0.1,0.8,3,205,0.75,"LH"
"938",205,0.006113417826331,0.1,0.8,3,205,0.75,"LH"
"939",206,0.0052693924784317,0.1,0.8,3,205,0.75,"LH"
"940",207,0.00509857473490219,0.1,0.8,3,205,0.75,"LH"
"941",208,0.00455900231443153,0.1,0.8,3,205,0.75,"LH"
"942",209,0.00403130162010207,0.1,0.8,3,205,0.75,"LH"
"943",210,0.00360191113407145,0.1,0.8,3,205,0.75,"LH"
"944",211,0.00327133779385002,0.1,0.8,3,205,0.75,"LH"
"945",212,0.00288993645569501,0.1,0.8,3,205,0.75,"LH"
"946",213,0.00256295551898651,0.1,0.8,3,205,0.75,"LH"
"947",214,0.00233406886329056,0.1,0.8,3,205,0.75,"LH"
"948",215,0.00208384820430339,0.1,0.8,3,205,0.75,"LH"
"949",216,0.00190869374301237,0.1,0.8,3,205,0.75,"LH"
"950",217,0.00169608562010866,0.1,0.8,3,205,0.75,"LH"
"951",218,0.00148725993407606,0.1,0.8,3,205,0.75,"LH"
"952",219,0.00149108195385324,0.1,0.8,3,205,0.75,"LH"
"953",220,0.00146375736769727,0.1,0.8,3,205,0.75,"LH"
"954",221,0.00153463015738809,0.1,0.8,3,205,0.75,"LH"
"955",222,0.00155424111017166,0.1,0.8,3,205,0.75,"LH"
"956",223,0.00123796877712016,0.1,0.8,3,205,0.75,"LH"
"957",224,0.00116657814398411,0.1,0.8,3,205,0.75,"LH"
"958",225,0.00093660470078888,0.1,0.8,3,205,0.75,"LH"
"959",226,0.000985623290552216,0.1,0.8,3,205,0.75,"LH"
"960",227,0.000869936303386551,0.1,0.8,3,205,0.75,"LH"
"961",228,0.000878955412370586,0.1,0.8,3,205,0.75,"LH"
"962",229,0.00091526878865941,0.1,0.8,3,205,0.75,"LH"
"963",230,0.000760688152061587,0.1,0.8,3,205,0.75,"LH"
"964",231,0.000712481706443111,0.1,0.8,3,205,0.75,"LH"
"965",232,0.000648737194510178,0.1,0.8,3,205,0.75,"LH"
"966",233,0.000544116036157124,0.1,0.8,3,205,0.75,"LH"
"967",234,0.000410881225309987,0.1,0.8,3,205,0.75,"LH"
"968",235,0.000287616857716991,0.1,0.8,3,205,0.75,"LH"
"969",236,0.000261331800401894,0.1,0.8,3,205,0.75,"LH"
"970",237,0.000302932260281326,0.1,0.8,3,205,0.75,"LH"
"971",238,0.000302052582196928,0.1,0.8,3,205,0.75,"LH"
"972",239,0.00024143680753785,0.1,0.8,3,205,0.75,"LH"
"973",240,0.000259005765276495,0.1,0.8,3,205,0.75,"LH"
"974",241,0.000211304035693546,0.1,0.8,3,205,0.75,"LH"
"975",242,0.000237912824985482,0.1,0.8,3,205,0.75,"LH"
"976",243,0.000316538977489838,0.1,0.8,3,205,0.75,"LH"
"977",244,0.000221577284242886,0.1,0.8,3,205,0.75,"LH"
"978",245,0.00015510409897002,0.1,0.8,3,205,0.75,"LH"
"979",246,0.000108572869279014,0.1,0.8,3,205,0.75,"LH"
"980",247,7.600100849531e-05,0.1,0.8,3,205,0.75,"LH"
"981",248,0.000143200705946717,0.1,0.8,3,205,0.75,"LH"
"982",249,0.000130240494162702,0.1,0.8,3,205,0.75,"LH"
"983",250,9.11683459138913e-05,0.1,0.8,3,205,0.75,"LH"
"984",251,0.000123817842139724,0.1,0.8,3,205,0.75,"LH"
"985",252,0.000146672489497807,0.1,0.8,3,205,0.75,"LH"
"986",253,0.000132670742648465,0.1,0.8,3,205,0.75,"LH"
"987",254,0.000152869519853925,0.1,0.8,3,205,0.75,"LH"
"988",255,0.000137008663897748,0.1,0.8,3,205,0.75,"LH"
"989",256,0.000125906064728423,0.1,0.8,3,205,0.75,"LH"
"990",257,8.81342453098964e-05,0.1,0.8,3,205,0.75,"LH"
"991",258,0.000121693971716927,0.1,0.8,3,205,0.75,"LH"
"992",259,0.000115185780201849,0.1,0.8,3,205,0.75,"LH"
"993",260,8.06300461412945e-05,0.1,0.8,3,205,0.75,"LH"
"994",261,8.64410322989061e-05,0.1,0.8,3,205,0.75,"LH"
"995",262,6.05087226092343e-05,0.1,0.8,3,205,0.75,"LH"
"996",263,7.2356105826464e-05,0.1,0.8,3,205,0.75,"LH"
"997",264,5.06492740785248e-05,0.1,0.8,3,205,0.75,"LH"
"998",265,3.54544918549674e-05,0.1,0.8,3,205,0.75,"LH"
"999",266,2.48181442984772e-05,0.1,0.8,3,205,0.75,"LH"
"1000",267,1.7372701008934e-05,0.1,0.8,3,205,0.75,"LH"
"1001",268,1.21608907062538e-05,0.1,0.8,3,205,0.75,"LH"
"1002",269,8.51262349437766e-06,0.1,0.8,3,205,0.75,"LH"
"1003",270,5.95883644606437e-06,0.1,0.8,3,205,0.75,"LH"
"1004",271,4.17118551224506e-06,0.1,0.8,3,205,0.75,"LH"
"1005",272,6.29198298585715e-05,0.1,0.8,3,205,0.75,"LH"
"1006",273,4.40438809010001e-05,0.1,0.8,3,205,0.75,"LH"
"1007",274,3.08307166307001e-05,0.1,0.8,3,205,0.75,"LH"
"1008",275,5.158150164149e-05,0.1,0.8,3,205,0.75,"LH"
"1009",276,3.6107051149043e-05,0.1,0.8,3,205,0.75,"LH"
"1010",277,2.52749358043301e-05,0.1,0.8,3,205,0.75,"LH"
"1011",278,1.76924550630311e-05,0.1,0.8,3,205,0.75,"LH"
"1012",279,1.23847185441218e-05,0.1,0.8,3,205,0.75,"LH"
"1013",280,3.86693029808852e-05,0.1,0.8,3,205,0.75,"LH"
"1014",281,8.70685120866197e-05,0.1,0.8,3,205,0.75,"LH"
"1015",282,6.09479584606338e-05,0.1,0.8,3,205,0.75,"LH"
"1016",283,4.26635709224436e-05,0.1,0.8,3,205,0.75,"LH"
"1017",284,2.98644996457106e-05,0.1,0.8,3,205,0.75,"LH"
"1018",285,2.09051497519974e-05,0.1,0.8,3,205,0.75,"LH"
"1019",286,1.46336048263982e-05,0.1,0.8,3,205,0.75,"LH"
"1020",287,1.02435233784787e-05,0.1,0.8,3,205,0.75,"LH"
"1021",288,7.1704663649351e-06,0.1,0.8,3,205,0.75,"LH"
"1022",289,5.01932645545457e-06,0.1,0.8,3,205,0.75,"LH"
"1023",290,3.5135285188182e-06,0.1,0.8,3,205,0.75,"LH"
"1024",291,2.45946996317274e-06,0.1,0.8,3,205,0.75,"LH"
"1025",292,1.72162897422092e-06,0.1,0.8,3,205,0.75,"LH"
"1026",293,1.20514028195464e-06,0.1,0.8,3,205,0.75,"LH"
"1027",294,3.08435981973683e-05,0.1,0.8,3,205,0.75,"LH"
"1028",295,2.15905187381578e-05,0.1,0.8,3,205,0.75,"LH"
"1029",296,1.51133631167104e-05,0.1,0.8,3,205,0.75,"LH"
"1030",297,7.05793541816973e-05,0.1,0.8,3,205,0.75,"LH"
"1031",298,7.94055479271881e-05,0.1,0.8,3,205,0.75,"LH"
"1032",299,5.55838835490317e-05,0.1,0.8,3,205,0.75,"LH"
"1033",300,3.89087184843222e-05,0.1,0.8,3,205,0.75,"LH"
"1034",301,2.72361029390255e-05,0.1,0.8,3,205,0.75,"LH"
"1035",302,1.90652720573179e-05,0.1,0.8,3,205,0.75,"LH"
"1036",303,1.33456904401225e-05,0.1,0.8,3,205,0.75,"LH"
"1037",304,9.34198330808576e-06,0.1,0.8,3,205,0.75,"LH"
"1038",305,6.53938831566003e-06,0.1,0.8,3,205,0.75,"LH"
"1039",306,3.4577571820962e-05,0.1,0.8,3,205,0.75,"LH"
"1040",307,2.42043002746734e-05,0.1,0.8,3,205,0.75,"LH"
"1041",308,1.69430101922714e-05,0.1,0.8,3,205,0.75,"LH"
"1042",309,1.186010713459e-05,0.1,0.8,3,205,0.75,"LH"
"1043",310,8.30207499421298e-06,0.1,0.8,3,205,0.75,"LH"
"1044",311,5.81145249594909e-06,0.1,0.8,3,205,0.75,"LH"
"1045",312,4.06801674716436e-06,0.1,0.8,3,205,0.75,"LH"
"1046",313,2.84761172301505e-06,0.1,0.8,3,205,0.75,"LH"
"1047",314,1.99332820611054e-06,0.1,0.8,3,205,0.75,"LH"
"1048",315,6.13953297442774e-05,0.1,0.8,3,205,0.75,"LH"
"1049",316,4.29767308209942e-05,0.1,0.8,3,205,0.75,"LH"
"1050",317,3.00837115746959e-05,0.1,0.8,3,205,0.75,"LH"
"1051",318,2.10585981022871e-05,0.1,0.8,3,205,0.75,"LH"
"1052",319,1.4741018671601e-05,0.1,0.8,3,205,0.75,"LH"
"1053",320,1.03187130701207e-05,0.1,0.8,3,205,0.75,"LH"
"1054",321,7.22309914908449e-06,0.1,0.8,3,205,0.75,"LH"
"1055",322,5.05616940435914e-06,0.1,0.8,3,205,0.75,"LH"
"1056",323,3.5393185830514e-06,0.1,0.8,3,205,0.75,"LH"
"1057",324,2.47752300813598e-06,0.1,0.8,3,205,0.75,"LH"
"1058",325,1.73426610569519e-06,0.1,0.8,3,205,0.75,"LH"
"1059",326,1.21398627398663e-06,0.1,0.8,3,205,0.75,"LH"
"1060",327,8.49790391790641e-07,0.1,0.8,3,205,0.75,"LH"
"1061",328,5.94853274253449e-07,0.1,0.8,3,205,0.75,"LH"
"1062",329,4.16397291977414e-07,0.1,0.8,3,205,0.75,"LH"
"1063",330,3.02914781043842e-05,0.1,0.8,3,205,0.75,"LH"
"1064",331,2.12040346730689e-05,0.1,0.8,3,205,0.75,"LH"
"1065",332,1.48428242711483e-05,0.1,0.8,3,205,0.75,"LH"
"1066",333,1.03899769898038e-05,0.1,0.8,3,205,0.75,"LH"
"1067",334,7.27298389286264e-06,0.1,0.8,3,205,0.75,"LH"
"1068",335,5.09108872500385e-06,0.1,0.8,3,205,0.75,"LH"
"1069",336,3.5637621075027e-06,0.1,0.8,3,205,0.75,"LH"
"1070",337,2.49463347525189e-06,0.1,0.8,3,205,0.75,"LH"
"1071",338,1.74624343267632e-06,0.1,0.8,3,205,0.75,"LH"
"1072",339,1.22237040287342e-06,0.1,0.8,3,205,0.75,"LH"
"1073",340,8.55659282011397e-07,0.1,0.8,3,205,0.75,"LH"
"1074",341,5.98961497407978e-07,0.1,0.8,3,205,0.75,"LH"
"1075",342,4.19273048185585e-07,0.1,0.8,3,205,0.75,"LH"
"1076",343,2.93491133729909e-07,0.1,0.8,3,205,0.75,"LH"
"1077",344,2.05443793610937e-07,0.1,0.8,3,205,0.75,"LH"
"1078",345,1.43810655527656e-07,0.1,0.8,3,205,0.75,"LH"
"1079",346,1.00667458869359e-07,0.1,0.8,3,205,0.75,"LH"
"1080",347,7.04672212085512e-08,0.1,0.8,3,205,0.75,"LH"
"1081",348,4.93270548459859e-08,0.1,0.8,3,205,0.75,"LH"
"1082",349,3.45289383921901e-08,0.1,0.8,3,205,0.75,"LH"
"1083",350,2.41702568745331e-08,0.1,0.8,3,205,0.75,"LH"
"1084",351,1.69191798121731e-08,0.1,0.8,3,205,0.75,"LH"
"1085",352,1.18434258685212e-08,0.1,0.8,3,205,0.75,"LH"
"1086",353,8.29039810796484e-09,0.1,0.8,3,205,0.75,"LH"
"1087",354,5.80327867557539e-09,0.1,0.8,3,205,0.75,"LH"
"1088",355,4.06229507290277e-09,0.1,0.8,3,205,0.75,"LH"
"1089",356,2.84360655103194e-09,0.1,0.8,3,205,0.75,"LH"
"1090",357,1.99052458572236e-09,0.1,0.8,3,205,0.75,"LH"
"1091",358,1.39336721000565e-09,0.1,0.8,3,205,0.75,"LH"
"1092",359,9.75357047003956e-10,0.1,0.8,3,205,0.75,"LH"
"1093",360,6.82749932902769e-10,0.1,0.8,3,205,0.75,"LH"
"1094",361,3.0000477924953e-05,0.1,0.8,3,205,0.75,"LH"
"1095",362,5.10003345474671e-05,0.1,0.8,3,205,0.75,"LH"
"1096",363,6.5700234183227e-05,0.1,0.8,3,205,0.75,"LH"
"1097",364,7.59901639282589e-05,0.1,0.8,3,205,0.75,"LH"
"1098",365,5.31931147497812e-05,0.1,0.8,3,205,0.75,"LH"
"1099",0,0,0.1,0.55,4,155,0.7,"LL"
"1100",1,0,0.1,0.55,4,155,0.7,"LL"
"1101",2,0,0.1,0.55,4,155,0.7,"LL"
"1102",3,0,0.1,0.55,4,155,0.7,"LL"
"1103",4,0,0.1,0.55,4,155,0.7,"LL"
"1104",5,0,0.1,0.55,4,155,0.7,"LL"
"1105",6,0,0.1,0.55,4,155,0.7,"LL"
"1106",7,0,0.1,0.55,4,155,0.7,"LL"
"1107",8,0,0.1,0.55,4,155,0.7,"LL"
"1108",9,0,0.1,0.55,4,155,0.7,"LL"
"1109",10,0,0.1,0.55,4,155,0.7,"LL"
"1110",11,0,0.1,0.55,4,155,0.7,"LL"
"1111",12,0,0.1,0.55,4,155,0.7,"LL"
"1112",13,0,0.1,0.55,4,155,0.7,"LL"
"1113",14,0,0.1,0.55,4,155,0.7,"LL"
"1114",15,0,0.1,0.55,4,155,0.7,"LL"
"1115",16,0,0.1,0.55,4,155,0.7,"LL"
"1116",17,0,0.1,0.55,4,155,0.7,"LL"
"1117",18,0,0.1,0.55,4,155,0.7,"LL"
"1118",19,0,0.1,0.55,4,155,0.7,"LL"
"1119",20,0,0.1,0.55,4,155,0.7,"LL"
"1120",21,0,0.1,0.55,4,155,0.7,"LL"
"1121",22,0,0.1,0.55,4,155,0.7,"LL"
"1122",23,0,0.1,0.55,4,155,0.7,"LL"
"1123",24,0,0.1,0.55,4,155,0.7,"LL"
"1124",25,0,0.1,0.55,4,155,0.7,"LL"
"1125",26,0,0.1,0.55,4,155,0.7,"LL"
"1126",27,0,0.1,0.55,4,155,0.7,"LL"
"1127",28,0,0.1,0.55,4,155,0.7,"LL"
"1128",29,0,0.1,0.55,4,155,0.7,"LL"
"1129",30,0,0.1,0.55,4,155,0.7,"LL"
"1130",31,0,0.1,0.55,4,155,0.7,"LL"
"1131",32,0,0.1,0.55,4,155,0.7,"LL"
"1132",33,0,0.1,0.55,4,155,0.7,"LL"
"1133",34,0,0.1,0.55,4,155,0.7,"LL"
"1134",35,0,0.1,0.55,4,155,0.7,"LL"
"1135",36,0,0.1,0.55,4,155,0.7,"LL"
"1136",37,0,0.1,0.55,4,155,0.7,"LL"
"1137",38,0,0.1,0.55,4,155,0.7,"LL"
"1138",39,0,0.1,0.55,4,155,0.7,"LL"
"1139",40,0,0.1,0.55,4,155,0.7,"LL"
"1140",41,0,0.1,0.55,4,155,0.7,"LL"
"1141",42,0,0.1,0.55,4,155,0.7,"LL"
"1142",43,0,0.1,0.55,4,155,0.7,"LL"
"1143",44,0,0.1,0.55,4,155,0.7,"LL"
"1144",45,0,0.1,0.55,4,155,0.7,"LL"
"1145",46,0,0.1,0.55,4,155,0.7,"LL"
"1146",47,0,0.1,0.55,4,155,0.7,"LL"
"1147",48,0,0.1,0.55,4,155,0.7,"LL"
"1148",49,0,0.1,0.55,4,155,0.7,"LL"
"1149",50,0,0.1,0.55,4,155,0.7,"LL"
"1150",51,0,0.1,0.55,4,155,0.7,"LL"
"1151",52,0,0.1,0.55,4,155,0.7,"LL"
"1152",53,0,0.1,0.55,4,155,0.7,"LL"
"1153",54,0,0.1,0.55,4,155,0.7,"LL"
"1154",55,0,0.1,0.55,4,155,0.7,"LL"
"1155",56,0,0.1,0.55,4,155,0.7,"LL"
"1156",57,0,0.1,0.55,4,155,0.7,"LL"
"1157",58,0,0.1,0.55,4,155,0.7,"LL"
"1158",59,0,0.1,0.55,4,155,0.7,"LL"
"1159",60,0,0.1,0.55,4,155,0.7,"LL"
"1160",61,0,0.1,0.55,4,155,0.7,"LL"
"1161",62,6e-05,0.1,0.55,4,155,0.7,"LL"
"1162",63,4.2e-05,0.1,0.55,4,155,0.7,"LL"
"1163",64,2.94e-05,0.1,0.55,4,155,0.7,"LL"
"1164",65,2.058e-05,0.1,0.55,4,155,0.7,"LL"
"1165",66,4.4406e-05,0.1,0.55,4,155,0.7,"LL"
"1166",67,3.10842e-05,0.1,0.55,4,155,0.7,"LL"
"1167",68,2.175894e-05,0.1,0.55,4,155,0.7,"LL"
"1168",69,4.5231258e-05,0.1,0.55,4,155,0.7,"LL"
"1169",70,6.16618806e-05,0.1,0.55,4,155,0.7,"LL"
"1170",71,7.316331642e-05,0.1,0.55,4,155,0.7,"LL"
"1171",72,8.1214321494e-05,0.1,0.55,4,155,0.7,"LL"
"1172",73,8.68500250458e-05,0.1,0.55,4,155,0.7,"LL"
"1173",74,9.079501753206e-05,0.1,0.55,4,155,0.7,"LL"
"1174",75,0.000183556512272442,0.1,0.55,4,155,0.7,"LL"
"1175",76,0.000218489558590709,0.1,0.55,4,155,0.7,"LL"
"1176",77,0.000302942691013497,0.1,0.55,4,155,0.7,"LL"
"1177",78,0.000272059883709448,0.1,0.55,4,155,0.7,"LL"
"1178",79,0.000370441918596613,0.1,0.55,4,155,0.7,"LL"
"1179",80,0.000349309343017629,0.1,0.55,4,155,0.7,"LL"
"1180",81,0.000364516540112341,0.1,0.55,4,155,0.7,"LL"
"1181",82,0.000435161578078638,0.1,0.55,4,155,0.7,"LL"
"1182",83,0.000664613104655047,0.1,0.55,4,155,0.7,"LL"
"1183",84,0.000645229173258533,0.1,0.55,4,155,0.7,"LL"
"1184",85,0.000721660421280973,0.1,0.55,4,155,0.7,"LL"
"1185",86,0.000775162294896681,0.1,0.55,4,155,0.7,"LL"
"1186",87,0.000932613606427677,0.1,0.55,4,155,0.7,"LL"
"1187",88,0.000922829524499374,0.1,0.55,4,155,0.7,"LL"
"1188",89,0.00112598066714956,0.1,0.55,4,155,0.7,"LL"
"1189",90,0.00144818646700469,0.1,0.55,4,155,0.7,"LL"
"1190",91,0.00179373052690329,0.1,0.55,4,155,0.7,"LL"
"1191",92,0.0021256113688323,0.1,0.55,4,155,0.7,"LL"
"1192",93,0.00241792795818261,0.1,0.55,4,155,0.7,"LL"
"1193",94,0.00265254957072783,0.1,0.55,4,155,0.7,"LL"
"1194",95,0.00314678469950948,0.1,0.55,4,155,0.7,"LL"
"1195",96,0.00385274928965664,0.1,0.55,4,155,0.7,"LL"
"1196",97,0.00443692450275964,0.1,0.55,4,155,0.7,"LL"
"1197",98,0.00550584715193175,0.1,0.55,4,155,0.7,"LL"
"1198",99,0.00613409300635223,0.1,0.55,4,155,0.7,"LL"
"1199",100,0.00735386510444656,0.1,0.55,4,155,0.7,"LL"
"1200",101,0.00811770557311259,0.1,0.55,4,155,0.7,"LL"
"1201",102,0.0102723939011788,0.1,0.55,4,155,0.7,"LL"
"1202",103,0.0116906757308252,0.1,0.55,4,155,0.7,"LL"
"1203",104,0.0135234730115776,0.1,0.55,4,155,0.7,"LL"
"1204",105,0.0156464311081043,0.1,0.55,4,155,0.7,"LL"
"1205",106,0.017672501775673,0.1,0.55,4,155,0.7,"LL"
"1206",107,0.0199307512429711,0.1,0.55,4,155,0.7,"LL"
"1207",108,0.0228015258700798,0.1,0.55,4,155,0.7,"LL"
"1208",109,0.0256510681090559,0.1,0.55,4,155,0.7,"LL"
"1209",110,0.0296857476763391,0.1,0.55,4,155,0.7,"LL"
"1210",111,0.0335600233734374,0.1,0.55,4,155,0.7,"LL"
"1211",112,0.0380720163614062,0.1,0.55,4,155,0.7,"LL"
"1212",113,0.0438704114529843,0.1,0.55,4,155,0.7,"LL"
"1213",114,0.050239288017089,0.1,0.55,4,155,0.7,"LL"
"1214",115,0.0568875016119623,0.1,0.55,4,155,0.7,"LL"
"1215",116,0.0639712511283736,0.1,0.55,4,155,0.7,"LL"
"1216",117,0.0722898757898615,0.1,0.55,4,155,0.7,"LL"
"1217",118,0.0794029130529031,0.1,0.55,4,155,0.7,"LL"
"1218",119,0.0882820391370322,0.1,0.55,4,155,0.7,"LL"
"1219",120,0.0973474273959225,0.1,0.55,4,155,0.7,"LL"
"1220",121,0.109663199177146,0.1,0.55,4,155,0.7,"LL"
"1221",122,0.121794239424002,0.1,0.55,4,155,0.7,"LL"
"1222",123,0.135175967596801,0.1,0.55,4,155,0.7,"LL"
"1223",124,0.149973177317761,0.1,0.55,4,155,0.7,"LL"
"1224",125,0.166121224122433,0.1,0.55,4,155,0.7,"LL"
"1225",126,0.184954856885703,0.1,0.55,4,155,0.7,"LL"
"1226",127,0.205248399819992,0.1,0.55,4,155,0.7,"LL"
"1227",128,0.224823879873994,0.1,0.55,4,155,0.7,"LL"
"1228",129,0.246566715911796,0.1,0.55,4,155,0.7,"LL"
"1229",130,0.270006701138257,0.1,0.55,4,155,0.7,"LL"
"1230",131,0.29574469079678,0.1,0.55,4,155,0.7,"LL"
"1231",132,0.319071283557746,0.1,0.55,4,155,0.7,"LL"
"1232",133,0.349769898490422,0.1,0.55,4,155,0.7,"LL"
"1233",134,0.378998928943296,0.1,0.55,4,155,0.7,"LL"
"1234",135,0.415419250260307,0.1,0.55,4,155,0.7,"LL"
"1235",136,0.446193475182215,0.1,0.55,4,155,0.7,"LL"
"1236",137,0.47871543262755,0.1,0.55,4,155,0.7,"LL"
"1237",138,0.512610802839285,0.1,0.55,4,155,0.7,"LL"
"1238",139,0.5459675619875,0.1,0.55,4,155,0.7,"LL"
"1239",140,0.57870729339125,0.1,0.55,4,155,0.7,"LL"
"1240",141,0.607355105373875,0.1,0.55,4,155,0.7,"LL"
"1241",142,0.635268573761712,0.1,0.55,4,155,0.7,"LL"
"1242",143,0.661108001633199,0.1,0.55,4,155,0.7,"LL"
"1243",144,0.686065601143239,0.1,0.55,4,155,0.7,"LL"
"1244",145,0.706385920800267,0.1,0.55,4,155,0.7,"LL"
"1245",146,0.724060144560187,0.1,0.55,4,155,0.7,"LL"
"1246",147,0.740182101192131,0.1,0.55,4,155,0.7,"LL"
"1247",148,0.749577470834492,0.1,0.55,4,155,0.7,"LL"
"1248",149,0.754924229584144,0.1,0.55,4,155,0.7,"LL"
"1249",150,0.755066960708901,0.1,0.55,4,155,0.7,"LL"
"1250",151,0.750936872496231,0.1,0.55,4,155,0.7,"LL"
"1251",152,0.741235810747361,0.1,0.55,4,155,0.7,"LL"
"1252",153,0.721695067523153,0.1,0.55,4,155,0.7,"LL"
"1253",154,0.698206547266207,0.1,0.55,4,155,0.7,"LL"
"1254",155,0.667304583086345,0.1,0.55,4,155,0.7,"LL"
"1255",156,0.631783208160442,0.1,0.55,4,155,0.7,"LL"
"1256",157,0.589008245712309,0.1,0.55,4,155,0.7,"LL"
"1257",158,0.548565771998616,0.1,0.55,4,155,0.7,"LL"
"1258",159,0.502106040399031,0.1,0.55,4,155,0.7,"LL"
"1259",160,0.456024228279322,0.1,0.55,4,155,0.7,"LL"
"1260",161,0.415216959795525,0.1,0.55,4,155,0.7,"LL"
"1261",162,0.373811871856868,0.1,0.55,4,155,0.7,"LL"
"1262",163,0.334418310299807,0.1,0.55,4,155,0.7,"LL"
"1263",164,0.300542817209865,0.1,0.55,4,155,0.7,"LL"
"1264",165,0.270589972046906,0.1,0.55,4,155,0.7,"LL"
"1265",166,0.241042980432834,0.1,0.55,4,155,0.7,"LL"
"1266",167,0.218530086302984,0.1,0.55,4,155,0.7,"LL"
"1267",168,0.197551060412089,0.1,0.55,4,155,0.7,"LL"
"1268",169,0.176265742288462,0.1,0.55,4,155,0.7,"LL"
"1269",170,0.160106019601923,0.1,0.55,4,155,0.7,"LL"
"1270",171,0.144354213721346,0.1,0.55,4,155,0.7,"LL"
"1271",172,0.130957949604942,0.1,0.55,4,155,0.7,"LL"
"1272",173,0.11915056472346,0.1,0.55,4,155,0.7,"LL"
"1273",174,0.107105395306422,0.1,0.55,4,155,0.7,"LL"
"1274",175,0.0981637767144953,0.1,0.55,4,155,0.7,"LL"
"1275",176,0.0892646437001467,0.1,0.55,4,155,0.7,"LL"
"1276",177,0.0808752505901027,0.1,0.55,4,155,0.7,"LL"
"1277",178,0.0730526754130719,0.1,0.55,4,155,0.7,"LL"
"1278",179,0.0663168727891503,0.1,0.55,4,155,0.7,"LL"
"1279",180,0.0584818109524052,0.1,0.55,4,155,0.7,"LL"
"1280",181,0.0525472676666836,0.1,0.55,4,155,0.7,"LL"
"1281",182,0.0473130873666786,0.1,0.55,4,155,0.7,"LL"
"1282",183,0.042089161156675,0.1,0.55,4,155,0.7,"LL"
"1283",184,0.0389424128096725,0.1,0.55,4,155,0.7,"LL"
"1284",185,0.0349696889667707,0.1,0.55,4,155,0.7,"LL"
"1285",186,0.0313187822767395,0.1,0.55,4,155,0.7,"LL"
"1286",187,0.0283431475937177,0.1,0.55,4,155,0.7,"LL"
"1287",188,0.0265002033156024,0.1,0.55,4,155,0.7,"LL"
"1288",189,0.0249401423209217,0.1,0.55,4,155,0.7,"LL"
"1289",190,0.0224980996246452,0.1,0.55,4,155,0.7,"LL"
"1290",191,0.0203986697372516,0.1,0.55,4,155,0.7,"LL"
"1291",192,0.0179990688160761,0.1,0.55,4,155,0.7,"LL"
"1292",193,0.0161093481712533,0.1,0.55,4,155,0.7,"LL"
"1293",194,0.0146665437198773,0.1,0.55,4,155,0.7,"LL"
"1294",195,0.0135065806039141,0.1,0.55,4,155,0.7,"LL"
"1295",196,0.0118546064227399,0.1,0.55,4,155,0.7,"LL"
"1296",197,0.0111782244959179,0.1,0.55,4,155,0.7,"LL"
"1297",198,0.0104947571471425,0.1,0.55,4,155,0.7,"LL"
"1298",199,0.00989633000299978,0.1,0.55,4,155,0.7,"LL"
"1299",200,0.00878743100209984,0.1,0.55,4,155,0.7,"LL"
"1300",201,0.00783120170146989,0.1,0.55,4,155,0.7,"LL"
"1301",202,0.00728184119102892,0.1,0.55,4,155,0.7,"LL"
"1302",203,0.00677728883372025,0.1,0.55,4,155,0.7,"LL"
"1303",204,0.00615410218360417,0.1,0.55,4,155,0.7,"LL"
"1304",205,0.00562787152852292,0.1,0.55,4,155,0.7,"LL"
"1305",206,0.00495951006996604,0.1,0.55,4,155,0.7,"LL"
"1306",207,0.00470165704897623,0.1,0.55,4,155,0.7,"LL"
"1307",208,0.00446115993428336,0.1,0.55,4,155,0.7,"LL"
"1308",209,0.00387281195399835,0.1,0.55,4,155,0.7,"LL"
"1309",210,0.00367096836779885,0.1,0.55,4,155,0.7,"LL"
"1310",211,0.00310967785745919,0.1,0.55,4,155,0.7,"LL"
"1311",212,0.00280677450022144,0.1,0.55,4,155,0.7,"LL"
"1312",213,0.002384742150155,0.1,0.55,4,155,0.7,"LL"
"1313",214,0.0022993195051085,0.1,0.55,4,155,0.7,"LL"
"1314",215,0.00202952365357595,0.1,0.55,4,155,0.7,"LL"
"1315",216,0.00208066655750317,0.1,0.55,4,155,0.7,"LL"
"1316",217,0.00187646659025222,0.1,0.55,4,155,0.7,"LL"
"1317",218,0.00170352661317655,0.1,0.55,4,155,0.7,"LL"
"1318",219,0.00155246862922359,0.1,0.55,4,155,0.7,"LL"
"1319",220,0.00156672804045651,0.1,0.55,4,155,0.7,"LL"
"1320",221,0.00118670962831956,0.1,0.55,4,155,0.7,"LL"
"1321",222,0.00101069673982369,0.1,0.55,4,155,0.7,"LL"
"1322",223,0.000887487717876583,0.1,0.55,4,155,0.7,"LL"
"1323",224,0.000981241402513608,0.1,0.55,4,155,0.7,"LL"
"1324",225,0.000986868981759526,0.1,0.55,4,155,0.7,"LL"
"1325",226,0.000960808287231668,0.1,0.55,4,155,0.7,"LL"
"1326",227,0.000942565801062167,0.1,0.55,4,155,0.7,"LL"
"1327",228,0.000989796060743517,0.1,0.55,4,155,0.7,"LL"
"1328",229,0.000872857242520462,0.1,0.55,4,155,0.7,"LL"
"1329",230,0.000761000069764323,0.1,0.55,4,155,0.7,"LL"
"1330",231,0.000622700048835026,0.1,0.55,4,155,0.7,"LL"
"1331",232,0.000615890034184519,0.1,0.55,4,155,0.7,"LL"
"1332",233,0.000521123023929163,0.1,0.55,4,155,0.7,"LL"
"1333",234,0.000424786116750414,0.1,0.55,4,155,0.7,"LL"
"1334",235,0.00047735028172529,0.1,0.55,4,155,0.7,"LL"
"1335",236,0.000364145197207703,0.1,0.55,4,155,0.7,"LL"
"1336",237,0.000314901638045392,0.1,0.55,4,155,0.7,"LL"
"1337",238,0.000310431146631774,0.1,0.55,4,155,0.7,"LL"
"1338",239,0.000337301802642242,0.1,0.55,4,155,0.7,"LL"
"1339",240,0.000266111261849569,0.1,0.55,4,155,0.7,"LL"
"1340",241,0.000306277883294699,0.1,0.55,4,155,0.7,"LL"
"1341",242,0.000244394518306289,0.1,0.55,4,155,0.7,"LL"
"1342",243,0.000351076162814402,0.1,0.55,4,155,0.7,"LL"
"1343",244,0.000305753313970082,0.1,0.55,4,155,0.7,"LL"
"1344",245,0.000304027319779057,0.1,0.55,4,155,0.7,"LL"
"1345",246,0.00027281912384534,0.1,0.55,4,155,0.7,"LL"
"1346",247,0.000250973386691738,0.1,0.55,4,155,0.7,"LL"
"1347",248,0.000235681370684217,0.1,0.55,4,155,0.7,"LL"
"1348",249,0.000194976959478952,0.1,0.55,4,155,0.7,"LL"
"1349",250,0.000166483871635266,0.1,0.55,4,155,0.7,"LL"
"1350",251,0.000116538710144686,0.1,0.55,4,155,0.7,"LL"
"1351",252,0.00011157709710128,0.1,0.55,4,155,0.7,"LL"
"1352",253,7.81039679708963e-05,0.1,0.55,4,155,0.7,"LL"
"1353",254,5.46727775796274e-05,0.1,0.55,4,155,0.7,"LL"
"1354",255,3.82709443057392e-05,0.1,0.55,4,155,0.7,"LL"
"1355",256,8.67896610140174e-05,0.1,0.55,4,155,0.7,"LL"
"1356",257,9.07527627098122e-05,0.1,0.55,4,155,0.7,"LL"
"1357",258,9.35269338968685e-05,0.1,0.55,4,155,0.7,"LL"
"1358",259,6.5468853727808e-05,0.1,0.55,4,155,0.7,"LL"
"1359",260,4.58281976094656e-05,0.1,0.55,4,155,0.7,"LL"
"1360",261,6.20797383266259e-05,0.1,0.55,4,155,0.7,"LL"
"1361",262,4.34558168286381e-05,0.1,0.55,4,155,0.7,"LL"
"1362",263,3.04190717800467e-05,0.1,0.55,4,155,0.7,"LL"
"1363",264,5.12933502460327e-05,0.1,0.55,4,155,0.7,"LL"
"1364",265,6.59053451722229e-05,0.1,0.55,4,155,0.7,"LL"
"1365",266,7.6133741620556e-05,0.1,0.55,4,155,0.7,"LL"
"1366",267,5.32936191343892e-05,0.1,0.55,4,155,0.7,"LL"
"1367",268,3.73055333940725e-05,0.1,0.55,4,155,0.7,"LL"
"1368",269,5.61138733758507e-05,0.1,0.55,4,155,0.7,"LL"
"1369",270,3.92797113630955e-05,0.1,0.55,4,155,0.7,"LL"
"1370",271,2.74957979541669e-05,0.1,0.55,4,155,0.7,"LL"
"1371",272,1.92470585679168e-05,0.1,0.55,4,155,0.7,"LL"
"1372",273,4.34729409975418e-05,0.1,0.55,4,155,0.7,"LL"
"1373",274,3.04310586982792e-05,0.1,0.55,4,155,0.7,"LL"
"1374",275,2.13017410887955e-05,0.1,0.55,4,155,0.7,"LL"
"1375",276,1.49112187621568e-05,0.1,0.55,4,155,0.7,"LL"
"1376",277,4.04378531335098e-05,0.1,0.55,4,155,0.7,"LL"
"1377",278,2.83064971934568e-05,0.1,0.55,4,155,0.7,"LL"
"1378",279,1.98145480354198e-05,0.1,0.55,4,155,0.7,"LL"
"1379",280,1.38701836247939e-05,0.1,0.55,4,155,0.7,"LL"
"1380",281,9.7091285373557e-06,0.1,0.55,4,155,0.7,"LL"
"1381",282,6.79638997614899e-06,0.1,0.55,4,155,0.7,"LL"
"1382",283,3.47574729833043e-05,0.1,0.55,4,155,0.7,"LL"
"1383",284,2.4330231088313e-05,0.1,0.55,4,155,0.7,"LL"
"1384",285,1.70311617618191e-05,0.1,0.55,4,155,0.7,"LL"
"1385",286,1.19218132332734e-05,0.1,0.55,4,155,0.7,"LL"
"1386",287,8.34526926329136e-06,0.1,0.55,4,155,0.7,"LL"
"1387",288,3.58416884843039e-05,0.1,0.55,4,155,0.7,"LL"
"1388",289,2.50891819390128e-05,0.1,0.55,4,155,0.7,"LL"
"1389",290,1.75624273573089e-05,0.1,0.55,4,155,0.7,"LL"
"1390",291,4.22936991501163e-05,0.1,0.55,4,155,0.7,"LL"
"1391",292,2.96055894050814e-05,0.1,0.55,4,155,0.7,"LL"
"1392",293,2.0723912583557e-05,0.1,0.55,4,155,0.7,"LL"
"1393",294,1.45067388084899e-05,0.1,0.55,4,155,0.7,"LL"
"1394",295,1.01547171659429e-05,0.1,0.55,4,155,0.7,"LL"
"1395",296,7.10830201616004e-06,0.1,0.55,4,155,0.7,"LL"
"1396",297,4.97581141131203e-06,0.1,0.55,4,155,0.7,"LL"
"1397",298,3.48306798791842e-06,0.1,0.55,4,155,0.7,"LL"
"1398",299,2.43814759154289e-06,0.1,0.55,4,155,0.7,"LL"
"1399",300,1.70670331408003e-06,0.1,0.55,4,155,0.7,"LL"
"1400",301,1.19469231985602e-06,0.1,0.55,4,155,0.7,"LL"
"1401",302,3.08362846238992e-05,0.1,0.55,4,155,0.7,"LL"
"1402",303,2.15853992367295e-05,0.1,0.55,4,155,0.7,"LL"
"1403",304,1.51097794657106e-05,0.1,0.55,4,155,0.7,"LL"
"1404",305,4.05768456259974e-05,0.1,0.55,4,155,0.7,"LL"
"1405",306,2.84037919381982e-05,0.1,0.55,4,155,0.7,"LL"
"1406",307,1.98826543567387e-05,0.1,0.55,4,155,0.7,"LL"
"1407",308,1.39178580497171e-05,0.1,0.55,4,155,0.7,"LL"
"1408",309,9.74250063480199e-06,0.1,0.55,4,155,0.7,"LL"
"1409",310,6.81975044436139e-06,0.1,0.55,4,155,0.7,"LL"
"1410",311,4.77382531105297e-06,0.1,0.55,4,155,0.7,"LL"
"1411",312,3.34167771773708e-06,0.1,0.55,4,155,0.7,"LL"
"1412",313,2.33917440241596e-06,0.1,0.55,4,155,0.7,"LL"
"1413",314,1.63742208169117e-06,0.1,0.55,4,155,0.7,"LL"
"1414",315,1.14619545718382e-06,0.1,0.55,4,155,0.7,"LL"
"1415",316,8.02336820028673e-07,0.1,0.55,4,155,0.7,"LL"
"1416",317,5.61635774020071e-07,0.1,0.55,4,155,0.7,"LL"
"1417",318,3.9314504181405e-07,0.1,0.55,4,155,0.7,"LL"
"1418",319,2.75201529269835e-07,0.1,0.55,4,155,0.7,"LL"
"1419",320,1.92641070488885e-07,0.1,0.55,4,155,0.7,"LL"
"1420",321,1.34848749342219e-07,0.1,0.55,4,155,0.7,"LL"
"1421",322,9.43941245395534e-08,0.1,0.55,4,155,0.7,"LL"
"1422",323,6.60758871776874e-08,0.1,0.55,4,155,0.7,"LL"
"1423",324,4.62531210243812e-08,0.1,0.55,4,155,0.7,"LL"
"1424",325,3.23771847170668e-08,0.1,0.55,4,155,0.7,"LL"
"1425",326,2.26640293019468e-08,0.1,0.55,4,155,0.7,"LL"
"1426",327,1.58648205113627e-08,0.1,0.55,4,155,0.7,"LL"
"1427",328,3.0011105374358e-05,0.1,0.55,4,155,0.7,"LL"
"1428",329,2.10077737620506e-05,0.1,0.55,4,155,0.7,"LL"
"1429",330,1.47054416334354e-05,0.1,0.55,4,155,0.7,"LL"
"1430",331,1.02938091434048e-05,0.1,0.55,4,155,0.7,"LL"
"1431",332,7.20566640038335e-06,0.1,0.55,4,155,0.7,"LL"
"1432",333,5.04396648026834e-06,0.1,0.55,4,155,0.7,"LL"
"1433",334,3.53077653618784e-06,0.1,0.55,4,155,0.7,"LL"
"1434",335,3.24715435753315e-05,0.1,0.55,4,155,0.7,"LL"
"1435",336,2.2730080502732e-05,0.1,0.55,4,155,0.7,"LL"
"1436",337,1.59110563519124e-05,0.1,0.55,4,155,0.7,"LL"
"1437",338,1.11377394463387e-05,0.1,0.55,4,155,0.7,"LL"
"1438",339,7.79641761243709e-06,0.1,0.55,4,155,0.7,"LL"
"1439",340,5.45749232870596e-06,0.1,0.55,4,155,0.7,"LL"
"1440",341,3.82024463009418e-06,0.1,0.55,4,155,0.7,"LL"
"1441",342,2.67417124106592e-06,0.1,0.55,4,155,0.7,"LL"
"1442",343,1.87191986874615e-06,0.1,0.55,4,155,0.7,"LL"
"1443",344,1.3103439081223e-06,0.1,0.55,4,155,0.7,"LL"
"1444",345,3.09172407356856e-05,0.1,0.55,4,155,0.7,"LL"
"1445",346,2.16420685149799e-05,0.1,0.55,4,155,0.7,"LL"
"1446",347,1.5149447960486e-05,0.1,0.55,4,155,0.7,"LL"
"1447",348,1.06046135723402e-05,0.1,0.55,4,155,0.7,"LL"
"1448",349,7.42322950063812e-06,0.1,0.55,4,155,0.7,"LL"
"1449",350,5.19626065044668e-06,0.1,0.55,4,155,0.7,"LL"
"1450",351,3.63738245531268e-06,0.1,0.55,4,155,0.7,"LL"
"1451",352,2.54616771871888e-06,0.1,0.55,4,155,0.7,"LL"
"1452",353,1.78231740310321e-06,0.1,0.55,4,155,0.7,"LL"
"1453",354,3.12476221821723e-05,0.1,0.55,4,155,0.7,"LL"
"1454",355,2.18733355275206e-05,0.1,0.55,4,155,0.7,"LL"
"1455",356,1.53113348692644e-05,0.1,0.55,4,155,0.7,"LL"
"1456",357,1.07179344084851e-05,0.1,0.55,4,155,0.7,"LL"
"1457",358,7.50255408593956e-06,0.1,0.55,4,155,0.7,"LL"
"1458",359,5.25178786015769e-06,0.1,0.55,4,155,0.7,"LL"
"1459",360,3.67625150211038e-06,0.1,0.55,4,155,0.7,"LL"
"1460",361,2.57337605147727e-06,0.1,0.55,4,155,0.7,"LL"
"1461",362,3.18013632360341e-05,0.1,0.55,4,155,0.7,"LL"
"1462",363,2.22609542652239e-05,0.1,0.55,4,155,0.7,"LL"
"1463",364,1.55826679856567e-05,0.1,0.55,4,155,0.7,"LL"
"1464",365,1.09078675899597e-05,0.1,0.55,4,155,0.7,"LL"
